-- Rich Localized Seed Data (Indian ERP Edition)
USE smart_inventory;

-- 1. Categories
INSERT INTO categories (id, name, description) VALUES
(1, 'Packaged Foods', 'Biscuits, noodles, flour, and packed daily staples'),
(2, 'Dairy & Beverages', 'Butter, milk, tea, coffee, and drinks'),
(3, 'Personal Care', 'Shampoo, soaps, oral hygiene, and cosmetics'),
(4, 'Household Essentials', 'Cleaning detergents, salts, oils, and pantry pulses'),
(5, 'Confectionery & Snacks', 'Chocolates, chips, sweets, and munchies')
ON DUPLICATE KEY UPDATE name=VALUES(name);

-- 2. Warehouses
INSERT INTO warehouses (id, name, location, capacity, warehouse_code) VALUES
(1, 'Hyderabad Central Warehouse', 'Plot 42, IDA Jeedimetla, Hyderabad, TS, 500055', 20000, 'WH-HYD-01'),
(2, 'Bengaluru Distribution Centre', '7th Mile, Nelamangala Road, Bengaluru, KA, 562123', 15000, 'WH-BLR-02'),
(3, 'Mumbai Depot HQ', 'Building C, Logistics Park, Bhiwandi, Thane, MH, 421302', 25000, 'WH-BOM-03'),
(4, 'Visakhapatnam Wharf Warehouse', 'Block B, APIIC Autonagar, Visakhapatnam, AP, 530012', 12000, 'WH-VTZ-04'),
(5, 'Chennai Hub', 'Redhills GNT Road, Chennai, TN, 600052', 15000, 'WH-MAA-05')
ON DUPLICATE KEY UPDATE name=VALUES(name);

-- 3. Users (15 Users)
INSERT INTO users (id, username, email, password_hash, role, profile_picture) VALUES
(1, 'admin', 'admin@smartinventory.com', '$2a$10$xQ7UVVPIX3gO0Nc3wNDOzeOHe4O1JB.AcIVe6MUJkSWInewIZPZJi', 'Admin', 'https://images.unsplash.com/photo-1500000100000?w=100&auto=format&fit=crop&q=80'),
(2, 'manager', 'manager@smartinventory.com', '$2a$10$xQ7UVVPIX3gO0Nc3wNDOzeOHe4O1JB.AcIVe6MUJkSWInewIZPZJi', 'Manager', 'https://images.unsplash.com/photo-1500000200000?w=100&auto=format&fit=crop&q=80'),
(3, 'staff', 'staff@smartinventory.com', '$2a$10$xQ7UVVPIX3gO0Nc3wNDOzeOHe4O1JB.AcIVe6MUJkSWInewIZPZJi', 'Staff', 'https://images.unsplash.com/photo-1500000300000?w=100&auto=format&fit=crop&q=80'),
(4, 'operator_4', 'operator_4@smartinventory.com', '$2a$10$xQ7UVVPIX3gO0Nc3wNDOzeOHe4O1JB.AcIVe6MUJkSWInewIZPZJi', 'Manager', 'https://images.unsplash.com/photo-1500000400000?w=100&auto=format&fit=crop&q=80'),
(5, 'operator_5', 'operator_5@smartinventory.com', '$2a$10$xQ7UVVPIX3gO0Nc3wNDOzeOHe4O1JB.AcIVe6MUJkSWInewIZPZJi', 'Staff', 'https://images.unsplash.com/photo-1500000500000?w=100&auto=format&fit=crop&q=80'),
(6, 'operator_6', 'operator_6@smartinventory.com', '$2a$10$xQ7UVVPIX3gO0Nc3wNDOzeOHe4O1JB.AcIVe6MUJkSWInewIZPZJi', 'Admin', 'https://images.unsplash.com/photo-1500000600000?w=100&auto=format&fit=crop&q=80'),
(7, 'operator_7', 'operator_7@smartinventory.com', '$2a$10$xQ7UVVPIX3gO0Nc3wNDOzeOHe4O1JB.AcIVe6MUJkSWInewIZPZJi', 'Manager', 'https://images.unsplash.com/photo-1500000700000?w=100&auto=format&fit=crop&q=80'),
(8, 'operator_8', 'operator_8@smartinventory.com', '$2a$10$xQ7UVVPIX3gO0Nc3wNDOzeOHe4O1JB.AcIVe6MUJkSWInewIZPZJi', 'Staff', 'https://images.unsplash.com/photo-1500000800000?w=100&auto=format&fit=crop&q=80'),
(9, 'operator_9', 'operator_9@smartinventory.com', '$2a$10$xQ7UVVPIX3gO0Nc3wNDOzeOHe4O1JB.AcIVe6MUJkSWInewIZPZJi', 'Admin', 'https://images.unsplash.com/photo-1500000900000?w=100&auto=format&fit=crop&q=80'),
(10, 'operator_10', 'operator_10@smartinventory.com', '$2a$10$xQ7UVVPIX3gO0Nc3wNDOzeOHe4O1JB.AcIVe6MUJkSWInewIZPZJi', 'Manager', 'https://images.unsplash.com/photo-1500001000000?w=100&auto=format&fit=crop&q=80'),
(11, 'operator_11', 'operator_11@smartinventory.com', '$2a$10$xQ7UVVPIX3gO0Nc3wNDOzeOHe4O1JB.AcIVe6MUJkSWInewIZPZJi', 'Staff', 'https://images.unsplash.com/photo-1500001100000?w=100&auto=format&fit=crop&q=80'),
(12, 'operator_12', 'operator_12@smartinventory.com', '$2a$10$xQ7UVVPIX3gO0Nc3wNDOzeOHe4O1JB.AcIVe6MUJkSWInewIZPZJi', 'Admin', 'https://images.unsplash.com/photo-1500001200000?w=100&auto=format&fit=crop&q=80'),
(13, 'operator_13', 'operator_13@smartinventory.com', '$2a$10$xQ7UVVPIX3gO0Nc3wNDOzeOHe4O1JB.AcIVe6MUJkSWInewIZPZJi', 'Manager', 'https://images.unsplash.com/photo-1500001300000?w=100&auto=format&fit=crop&q=80'),
(14, 'operator_14', 'operator_14@smartinventory.com', '$2a$10$xQ7UVVPIX3gO0Nc3wNDOzeOHe4O1JB.AcIVe6MUJkSWInewIZPZJi', 'Staff', 'https://images.unsplash.com/photo-1500001400000?w=100&auto=format&fit=crop&q=80'),
(15, 'operator_15', 'operator_15@smartinventory.com', '$2a$10$xQ7UVVPIX3gO0Nc3wNDOzeOHe4O1JB.AcIVe6MUJkSWInewIZPZJi', 'Admin', 'https://images.unsplash.com/photo-1500001500000?w=100&auto=format&fit=crop&q=80')
ON DUPLICATE KEY UPDATE username=VALUES(username);

-- 4. Suppliers (25 Suppliers)
INSERT INTO suppliers (id, name, contact_name, email, phone, address, gstin, pan) VALUES
(1, 'ITC Limited', 'Representative 1', 'sales@itclimited.com', '+91-9810012345', 'Industrial Sector 2, Plot 7, KA, India', '11ABCDE1001F1Z1', 'ABCDE1001F'),
(2, 'Reliance Consumer', 'Representative 2', 'sales@relianceconsumer.com', '+91-9810024690', 'Industrial Sector 4, Plot 14, MH, India', '12ABCDE1002F1Z2', 'ABCDE1002F'),
(3, 'Hindustan Unilever', 'Representative 3', 'sales@hindustanunilever.com', '+91-9810037035', 'Industrial Sector 6, Plot 21, AP, India', '13ABCDE1003F1Z3', 'ABCDE1003F'),
(4, 'Britannia Industries', 'Representative 4', 'sales@britanniaindustries.com', '+91-9810049380', 'Industrial Sector 8, Plot 28, TN, India', '14ABCDE1004F1Z4', 'ABCDE1004F'),
(5, 'Nestle India', 'Representative 5', 'sales@nestleindia.com', '+91-9810061725', 'Industrial Sector 10, Plot 35, DL, India', '15ABCDE1005F1Z5', 'ABCDE1005F'),
(6, 'Amul Dairy Coop', 'Representative 6', 'sales@amuldairycoop.com', '+91-9810074070', 'Industrial Sector 12, Plot 42, GJ, India', '16ABCDE1006F1Z6', 'ABCDE1006F'),
(7, 'Godrej Consumer', 'Representative 7', 'sales@godrejconsumer.com', '+91-9810086415', 'Industrial Sector 14, Plot 49, WB, India', '17ABCDE1007F1Z7', 'ABCDE1007F'),
(8, 'Dabur India', 'Representative 8', 'sales@daburindia.com', '+91-9810098760', 'Industrial Sector 16, Plot 56, UP, India', '18ABCDE1008F1Z8', 'ABCDE1008F'),
(9, 'Marico Limited', 'Representative 9', 'sales@maricolimited.com', '+91-9810111105', 'Industrial Sector 18, Plot 63, HR, India', '19ABCDE1009F1Z0', 'ABCDE1009F'),
(10, 'Patanjali Ayurved', 'Representative 10', 'sales@patanjaliayurved.com', '+91-9810123450', 'Industrial Sector 20, Plot 70, TS, India', '20ABCDE1010F1Z1', 'ABCDE1010F'),
(11, 'Apollo Pharmacy', 'Representative 11', 'sales@apollopharmacy.com', '+91-9810135795', 'Industrial Sector 22, Plot 77, KA, India', '21ABCDE1011F1Z2', 'ABCDE1011F'),
(12, 'Metro Cash & Carry', 'Representative 12', 'sales@metrocash&carry.com', '+91-9810148140', 'Industrial Sector 24, Plot 84, MH, India', '22ABCDE1012F1Z3', 'ABCDE1012F'),
(13, 'BigBasket Wholesale', 'Representative 13', 'sales@bigbasketwholesale.com', '+91-9810160485', 'Industrial Sector 26, Plot 91, AP, India', '23ABCDE1013F1Z4', 'ABCDE1013F'),
(14, 'TATA Consumer Products', 'Representative 14', 'sales@tataconsumerproducts.com', '+91-9810172830', 'Industrial Sector 28, Plot 98, TN, India', '24ABCDE1014F1Z5', 'ABCDE1014F'),
(15, 'Adani Wilmar', 'Representative 15', 'sales@adaniwilmar.com', '+91-9810185175', 'Industrial Sector 30, Plot 105, DL, India', '25ABCDE1015F1Z6', 'ABCDE1015F'),
(16, 'Haldiram Foods', 'Representative 16', 'sales@haldiramfoods.com', '+91-9810197520', 'Industrial Sector 32, Plot 112, GJ, India', '26ABCDE1016F1Z7', 'ABCDE1016F'),
(17, 'Parle Products', 'Representative 17', 'sales@parleproducts.com', '+91-9810209865', 'Industrial Sector 34, Plot 119, WB, India', '27ABCDE1017F1Z8', 'ABCDE1017F'),
(18, 'Marico Foods', 'Representative 18', 'sales@maricofoods.com', '+91-9810222210', 'Industrial Sector 36, Plot 126, UP, India', '28ABCDE1018F1Z0', 'ABCDE1018F'),
(19, 'Wipro Consumer Care', 'Representative 19', 'sales@wiproconsumercare.com', '+91-9810234555', 'Industrial Sector 38, Plot 133, HR, India', '29ABCDE1019F1Z1', 'ABCDE1019F'),
(20, 'Colgate-Palmolive India', 'Representative 20', 'sales@colgate-palmoliveindia.com', '+91-9810246900', 'Industrial Sector 40, Plot 140, TS, India', '30ABCDE1020F1Z2', 'ABCDE1020F'),
(21, 'Pepsico India', 'Representative 21', 'sales@pepsicoindia.com', '+91-9810259245', 'Industrial Sector 42, Plot 147, KA, India', '31ABCDE1021F1Z3', 'ABCDE1021F'),
(22, 'Coca-Cola India', 'Representative 22', 'sales@coca-colaindia.com', '+91-9810271590', 'Industrial Sector 44, Plot 154, MH, India', '32ABCDE1022F1Z4', 'ABCDE1022F'),
(23, 'Mother Dairy', 'Representative 23', 'sales@motherdairy.com', '+91-9810283935', 'Industrial Sector 46, Plot 161, AP, India', '33ABCDE1023F1Z5', 'ABCDE1023F'),
(24, 'Dharampal Satyapal Group', 'Representative 24', 'sales@dharampalsatyapalgroup.com', '+91-9810296280', 'Industrial Sector 48, Plot 168, TN, India', '34ABCDE1024F1Z6', 'ABCDE1024F'),
(25, 'Balaji Wafers', 'Representative 25', 'sales@balajiwafers.com', '+91-9810308625', 'Industrial Sector 50, Plot 175, DL, India', '35ABCDE1025F1Z7', 'ABCDE1025F')
ON DUPLICATE KEY UPDATE name=VALUES(name);

-- 5. Products (100 Products)
INSERT INTO products (id, sku, name, description, mrp, purchase_price, selling_price, gst_rate, hsn_code, unit, batch_number, expiry_date, barcode, qr_code, min_stock_level, max_stock_level, image_url, category_id, supplier_id) VALUES
(1, 'SKU-IND-1001', 'Amul Butter 500g', 'Premium localized FMCG inventory item number 1', 37.5, 28.13, 33.75, 5, '04000231', 'Boxes', 'BAT-IND-101', '2027-02-02', '8901000762413', 'https://api.qrserver.com/v1/create-qr-code/?size=150x150&data=SKU-IND-1001', 11, 110, 'https://images.unsplash.com/photo-1543083215?w=200&auto=format&fit=crop&q=80', 2, 2),
(2, 'SKU-IND-1002', 'Aashirvaad Atta 10kg', 'Premium localized FMCG inventory item number 2', 45, 33.75, 40.5, 12, '04000462', 'Cartons', 'BAT-IND-102', '2027-03-03', '8901001524826', 'https://api.qrserver.com/v1/create-qr-code/?size=150x150&data=SKU-IND-1002', 12, 120, 'https://images.unsplash.com/photo-1543083315?w=200&auto=format&fit=crop&q=80', 3, 3),
(3, 'SKU-IND-1003', 'Tata Salt 1kg', 'Premium localized FMCG inventory item number 3', 52.5, 39.38, 47.25, 18, '04000693', 'Pieces', 'BAT-IND-103', '2027-04-04', '8901002287239', 'https://api.qrserver.com/v1/create-qr-code/?size=150x150&data=SKU-IND-1003', 13, 130, 'https://images.unsplash.com/photo-1543083415?w=200&auto=format&fit=crop&q=80', 4, 4),
(4, 'SKU-IND-1004', 'Parle-G Biscuit Package', 'Premium localized FMCG inventory item number 4', 60, 45, 54, 28, '04000924', 'Boxes', 'BAT-IND-104', '2027-05-05', '8901003049652', 'https://api.qrserver.com/v1/create-qr-code/?size=150x150&data=SKU-IND-1004', 14, 140, 'https://images.unsplash.com/photo-1543083515?w=200&auto=format&fit=crop&q=80', 5, 5),
(5, 'SKU-IND-1005', 'Maggi 2-Min Masala Noodles', 'Premium localized FMCG inventory item number 5', 67.5, 50.63, 60.75, 0, '04001155', 'Cartons', 'BAT-IND-105', '2027-06-06', '8901003812065', 'https://api.qrserver.com/v1/create-qr-code/?size=150x150&data=SKU-IND-1005', 15, 150, 'https://images.unsplash.com/photo-1543083615?w=200&auto=format&fit=crop&q=80', 1, 6),
(6, 'SKU-IND-1006', 'Dove Shampoo Repair 650ml', 'Premium localized FMCG inventory item number 6', 75, 56.25, 67.5, 5, '04001386', 'Pieces', 'BAT-IND-106', '2027-07-07', '8901004574478', 'https://api.qrserver.com/v1/create-qr-code/?size=150x150&data=SKU-IND-1006', 16, 160, 'https://images.unsplash.com/photo-1543083715?w=200&auto=format&fit=crop&q=80', 2, 7),
(7, 'SKU-IND-1007', 'Dettol Soap Protect 125g', 'Premium localized FMCG inventory item number 7', 82.5, 61.88, 74.25, 12, '04001617', 'Boxes', 'BAT-IND-107', '2027-08-08', '8901005336891', 'https://api.qrserver.com/v1/create-qr-code/?size=150x150&data=SKU-IND-1007', 17, 170, 'https://images.unsplash.com/photo-1543083815?w=200&auto=format&fit=crop&q=80', 3, 8),
(8, 'SKU-IND-1008', 'Surf Excel Powder 5kg', 'Premium localized FMCG inventory item number 8', 90, 67.5, 81, 18, '04001848', 'Cartons', 'BAT-IND-108', '2027-09-09', '8901006099304', 'https://api.qrserver.com/v1/create-qr-code/?size=150x150&data=SKU-IND-1008', 18, 180, 'https://images.unsplash.com/photo-1543083915?w=200&auto=format&fit=crop&q=80', 4, 9),
(9, 'SKU-IND-1009', 'Colgate Toothpaste Strong 500g', 'Premium localized FMCG inventory item number 9', 97.5, 73.13, 87.75, 28, '04002079', 'Pieces', 'BAT-IND-109', '2027-10-10', '8901006861717', 'https://api.qrserver.com/v1/create-qr-code/?size=150x150&data=SKU-IND-1009', 19, 190, 'https://images.unsplash.com/photo-1543084015?w=200&auto=format&fit=crop&q=80', 5, 10),
(10, 'SKU-IND-1010', 'Good Day Cookies Cashew', 'Premium localized FMCG inventory item number 10', 105, 78.75, 94.5, 0, '04002311', 'Boxes', 'BAT-IND-110', '2027-11-11', '8901007624130', 'https://api.qrserver.com/v1/create-qr-code/?size=150x150&data=SKU-IND-1010', 20, 200, 'https://images.unsplash.com/photo-1543084115?w=200&auto=format&fit=crop&q=80', 1, 11),
(11, 'SKU-IND-1011', 'Fortune Sunflower Oil 5L', 'Premium localized FMCG inventory item number 11', 112.5, 84.38, 101.25, 5, '04002542', 'Cartons', 'BAT-IND-111', '2027-12-12', '8901008386543', 'https://api.qrserver.com/v1/create-qr-code/?size=150x150&data=SKU-IND-1011', 21, 210, 'https://images.unsplash.com/photo-1543084215?w=200&auto=format&fit=crop&q=80', 2, 12),
(12, 'SKU-IND-1012', 'Saffola Gold Blend Oil 5L', 'Premium localized FMCG inventory item number 12', 120, 90, 108, 12, '04002773', 'Pieces', 'BAT-IND-112', '2027-01-13', '8901009148956', 'https://api.qrserver.com/v1/create-qr-code/?size=150x150&data=SKU-IND-1012', 22, 220, 'https://images.unsplash.com/photo-1543084315?w=200&auto=format&fit=crop&q=80', 3, 13),
(13, 'SKU-IND-1013', 'Britannia Whole Wheat Bread', 'Premium localized FMCG inventory item number 13', 127.5, 95.63, 114.75, 18, '04003004', 'Boxes', 'BAT-IND-113', '2027-02-14', '8901009911369', 'https://api.qrserver.com/v1/create-qr-code/?size=150x150&data=SKU-IND-1013', 23, 230, 'https://images.unsplash.com/photo-1543084415?w=200&auto=format&fit=crop&q=80', 4, 14),
(14, 'SKU-IND-1014', 'Red Label Strong Tea 1kg', 'Premium localized FMCG inventory item number 14', 135, 101.25, 121.5, 28, '04003235', 'Cartons', 'BAT-IND-114', '2027-03-15', '8901010673782', 'https://api.qrserver.com/v1/create-qr-code/?size=150x150&data=SKU-IND-1014', 24, 240, 'https://images.unsplash.com/photo-1543084515?w=200&auto=format&fit=crop&q=80', 5, 15),
(15, 'SKU-IND-1015', 'Bru Instant Coffee 200g', 'Premium localized FMCG inventory item number 15', 142.5, 106.88, 128.25, 0, '04003466', 'Pieces', 'BAT-IND-115', '2027-04-16', '8901011436195', 'https://api.qrserver.com/v1/create-qr-code/?size=150x150&data=SKU-IND-1015', 25, 250, 'https://images.unsplash.com/photo-1543084615?w=200&auto=format&fit=crop&q=80', 1, 16),
(16, 'SKU-IND-1016', 'Daawat Rozana Basmati 5kg', 'Premium localized FMCG inventory item number 16', 150, 112.5, 135, 5, '04003697', 'Boxes', 'BAT-IND-116', '2027-05-17', '8901012198608', 'https://api.qrserver.com/v1/create-qr-code/?size=150x150&data=SKU-IND-1016', 26, 260, 'https://images.unsplash.com/photo-1543084715?w=200&auto=format&fit=crop&q=80', 2, 17),
(17, 'SKU-IND-1017', 'Refined Sugar Premium 5kg', 'Premium localized FMCG inventory item number 17', 157.5, 118.13, 141.75, 12, '04003928', 'Cartons', 'BAT-IND-117', '2027-06-18', '8901012961021', 'https://api.qrserver.com/v1/create-qr-code/?size=150x150&data=SKU-IND-1017', 27, 270, 'https://images.unsplash.com/photo-1543084815?w=200&auto=format&fit=crop&q=80', 3, 18),
(18, 'SKU-IND-1018', 'Unpolished Toor Dal 2kg', 'Premium localized FMCG inventory item number 18', 165, 123.75, 148.5, 18, '04004159', 'Pieces', 'BAT-IND-118', '2027-07-19', '8901013723434', 'https://api.qrserver.com/v1/create-qr-code/?size=150x150&data=SKU-IND-1018', 28, 280, 'https://images.unsplash.com/photo-1543084915?w=200&auto=format&fit=crop&q=80', 4, 19),
(19, 'SKU-IND-1019', 'Split Urad Dal split 2kg', 'Premium localized FMCG inventory item number 19', 172.5, 129.38, 155.25, 28, '04004390', 'Boxes', 'BAT-IND-119', '2027-08-20', '8901014485847', 'https://api.qrserver.com/v1/create-qr-code/?size=150x150&data=SKU-IND-1019', 29, 290, 'https://images.unsplash.com/photo-1543085015?w=200&auto=format&fit=crop&q=80', 5, 20),
(20, 'SKU-IND-1020', 'Tata Sampann Turmeric 500g', 'Premium localized FMCG inventory item number 20', 180, 135, 162, 0, '04004622', 'Cartons', 'BAT-IND-120', '2027-09-21', '8901015248260', 'https://api.qrserver.com/v1/create-qr-code/?size=150x150&data=SKU-IND-1020', 10, 100, 'https://images.unsplash.com/photo-1543085115?w=200&auto=format&fit=crop&q=80', 1, 21),
(21, 'SKU-IND-1021', 'Amul Taza Milk 1L', 'Premium localized FMCG inventory item number 21', 187.5, 140.63, 168.75, 5, '04004853', 'Pieces', 'BAT-IND-121', '2027-10-22', '8901016010673', 'https://api.qrserver.com/v1/create-qr-code/?size=150x150&data=SKU-IND-1021', 11, 110, 'https://images.unsplash.com/photo-1543085215?w=200&auto=format&fit=crop&q=80', 2, 22),
(22, 'SKU-IND-1022', 'Amul Cheese Slices 200g', 'Premium localized FMCG inventory item number 22', 195, 146.25, 175.5, 12, '04005084', 'Boxes', 'BAT-IND-122', '2027-11-23', '8901016773086', 'https://api.qrserver.com/v1/create-qr-code/?size=150x150&data=SKU-IND-1022', 12, 120, 'https://images.unsplash.com/photo-1543085315?w=200&auto=format&fit=crop&q=80', 3, 23),
(23, 'SKU-IND-1023', 'Mother Dairy Dahi 400g', 'Premium localized FMCG inventory item number 23', 202.5, 151.88, 182.25, 18, '04005315', 'Cartons', 'BAT-IND-123', '2027-12-24', '8901017535499', 'https://api.qrserver.com/v1/create-qr-code/?size=150x150&data=SKU-IND-1023', 13, 130, 'https://images.unsplash.com/photo-1543085415?w=200&auto=format&fit=crop&q=80', 4, 24),
(24, 'SKU-IND-1024', 'Lijjat Papad Garlic 200g', 'Premium localized FMCG inventory item number 24', 210, 157.5, 189, 28, '04005546', 'Pieces', 'BAT-IND-124', '2027-01-25', '8901018297912', 'https://api.qrserver.com/v1/create-qr-code/?size=150x150&data=SKU-IND-1024', 14, 140, 'https://images.unsplash.com/photo-1543085515?w=200&auto=format&fit=crop&q=80', 5, 25),
(25, 'SKU-IND-1025', 'Catch Coriander Powder 200g', 'Premium localized FMCG inventory item number 25', 217.5, 163.13, 195.75, 0, '04005777', 'Boxes', 'BAT-IND-125', '2027-02-26', '8901019060325', 'https://api.qrserver.com/v1/create-qr-code/?size=150x150&data=SKU-IND-1025', 15, 150, 'https://images.unsplash.com/photo-1543085615?w=200&auto=format&fit=crop&q=80', 1, 1),
(26, 'SKU-IND-1026', 'Haldiram Bhujia Sev 350g', 'Premium localized FMCG inventory item number 26', 225, 168.75, 202.5, 5, '04006008', 'Cartons', 'BAT-IND-126', '2027-03-27', '8901019822738', 'https://api.qrserver.com/v1/create-qr-code/?size=150x150&data=SKU-IND-1026', 16, 160, 'https://images.unsplash.com/photo-1543085715?w=200&auto=format&fit=crop&q=80', 2, 2),
(27, 'SKU-IND-1027', 'Kurkure Masala Munch 90g', 'Premium localized FMCG inventory item number 27', 232.5, 174.38, 209.25, 12, '04006239', 'Pieces', 'BAT-IND-127', '2027-04-28', '8901020585151', 'https://api.qrserver.com/v1/create-qr-code/?size=150x150&data=SKU-IND-1027', 17, 170, 'https://images.unsplash.com/photo-1543085815?w=200&auto=format&fit=crop&q=80', 3, 3),
(28, 'SKU-IND-1028', 'Lay’s Magic Masala 90g', 'Premium localized FMCG inventory item number 28', 240, 180, 216, 18, '04006470', 'Boxes', 'BAT-IND-128', '2027-05-01', '8901021347564', 'https://api.qrserver.com/v1/create-qr-code/?size=150x150&data=SKU-IND-1028', 18, 180, 'https://images.unsplash.com/photo-1543085915?w=200&auto=format&fit=crop&q=80', 4, 4),
(29, 'SKU-IND-1029', 'Cadbury Dairy Milk Silk 150g', 'Premium localized FMCG inventory item number 29', 247.5, 185.63, 222.75, 28, '04006701', 'Cartons', 'BAT-IND-129', '2027-06-02', '8901022109977', 'https://api.qrserver.com/v1/create-qr-code/?size=150x150&data=SKU-IND-1029', 19, 190, 'https://images.unsplash.com/photo-1543086015?w=200&auto=format&fit=crop&q=80', 5, 5),
(30, 'SKU-IND-1030', 'Nestle KitKat 4-Finger', 'Premium localized FMCG inventory item number 30', 255, 191.25, 229.5, 0, '04006933', 'Pieces', 'BAT-IND-130', '2027-07-03', '8901022872390', 'https://api.qrserver.com/v1/create-qr-code/?size=150x150&data=SKU-IND-1030', 20, 200, 'https://images.unsplash.com/photo-1543086115?w=200&auto=format&fit=crop&q=80', 1, 6),
(31, 'SKU-IND-1031', 'Pepsi Soft Drink 750ml', 'Premium localized FMCG inventory item number 31', 262.5, 196.88, 236.25, 5, '04007164', 'Boxes', 'BAT-IND-131', '2027-08-04', '8901023634803', 'https://api.qrserver.com/v1/create-qr-code/?size=150x150&data=SKU-IND-1031', 21, 210, 'https://images.unsplash.com/photo-1543086215?w=200&auto=format&fit=crop&q=80', 2, 7),
(32, 'SKU-IND-1032', 'Coca-Cola Zero Sugar 750ml', 'Premium localized FMCG inventory item number 32', 270, 202.5, 243, 12, '04007395', 'Cartons', 'BAT-IND-132', '2027-09-05', '8901024397216', 'https://api.qrserver.com/v1/create-qr-code/?size=150x150&data=SKU-IND-1032', 22, 220, 'https://images.unsplash.com/photo-1543086315?w=200&auto=format&fit=crop&q=80', 3, 8),
(33, 'SKU-IND-1033', 'Sprite Lemon Drink 750ml', 'Premium localized FMCG inventory item number 33', 277.5, 208.13, 249.75, 18, '04007626', 'Pieces', 'BAT-IND-133', '2027-10-06', '8901025159629', 'https://api.qrserver.com/v1/create-qr-code/?size=150x150&data=SKU-IND-1033', 23, 230, 'https://images.unsplash.com/photo-1543086415?w=200&auto=format&fit=crop&q=80', 4, 9),
(34, 'SKU-IND-1034', 'Tropicana Orange Juice 1L', 'Premium localized FMCG inventory item number 34', 285, 213.75, 256.5, 28, '04007857', 'Boxes', 'BAT-IND-134', '2027-11-07', '8901025922042', 'https://api.qrserver.com/v1/create-qr-code/?size=150x150&data=SKU-IND-1034', 24, 240, 'https://images.unsplash.com/photo-1543086515?w=200&auto=format&fit=crop&q=80', 5, 10),
(35, 'SKU-IND-1035', 'Paper Boat Aam Panna 250ml', 'Premium localized FMCG inventory item number 35', 292.5, 219.38, 263.25, 0, '04008088', 'Cartons', 'BAT-IND-135', '2027-12-08', '8901026684455', 'https://api.qrserver.com/v1/create-qr-code/?size=150x150&data=SKU-IND-1035', 25, 250, 'https://images.unsplash.com/photo-1543086615?w=200&auto=format&fit=crop&q=80', 1, 11),
(36, 'SKU-IND-1036', 'Vim Dishwash Gel 500ml', 'Premium localized FMCG inventory item number 36', 300, 225, 270, 5, '04008319', 'Pieces', 'BAT-IND-136', '2027-01-09', '8901027446868', 'https://api.qrserver.com/v1/create-qr-code/?size=150x150&data=SKU-IND-1036', 26, 260, 'https://images.unsplash.com/photo-1543086715?w=200&auto=format&fit=crop&q=80', 2, 12),
(37, 'SKU-IND-1037', 'Lizol Floor Cleaner 2L', 'Premium localized FMCG inventory item number 37', 307.5, 230.63, 276.75, 12, '04008550', 'Boxes', 'BAT-IND-137', '2027-02-10', '8901028209281', 'https://api.qrserver.com/v1/create-qr-code/?size=150x150&data=SKU-IND-1037', 27, 270, 'https://images.unsplash.com/photo-1543086815?w=200&auto=format&fit=crop&q=80', 3, 13),
(38, 'SKU-IND-1038', 'Harpic Toilet Cleaner 1L', 'Premium localized FMCG inventory item number 38', 315, 236.25, 283.5, 18, '04008781', 'Cartons', 'BAT-IND-138', '2027-03-11', '8901028971694', 'https://api.qrserver.com/v1/create-qr-code/?size=150x150&data=SKU-IND-1038', 28, 280, 'https://images.unsplash.com/photo-1543086915?w=200&auto=format&fit=crop&q=80', 4, 14),
(39, 'SKU-IND-1039', 'Comfort Fabric Conditioner', 'Premium localized FMCG inventory item number 39', 322.5, 241.88, 290.25, 28, '04009012', 'Pieces', 'BAT-IND-139', '2027-04-12', '8901029734107', 'https://api.qrserver.com/v1/create-qr-code/?size=150x150&data=SKU-IND-1039', 29, 290, 'https://images.unsplash.com/photo-1543087015?w=200&auto=format&fit=crop&q=80', 5, 15),
(40, 'SKU-IND-1040', 'Dettol Antiseptic Liquid 500ml', 'Premium localized FMCG inventory item number 40', 330, 247.5, 297, 0, '04009244', 'Boxes', 'BAT-IND-140', '2027-05-13', '8901030496520', 'https://api.qrserver.com/v1/create-qr-code/?size=150x150&data=SKU-IND-1040', 10, 100, 'https://images.unsplash.com/photo-1543087115?w=200&auto=format&fit=crop&q=80', 1, 16),
(41, 'SKU-IND-1041', 'Nivea Creme Moisturizer 200ml', 'Premium localized FMCG inventory item number 41', 337.5, 253.13, 303.75, 5, '04009475', 'Cartons', 'BAT-IND-141', '2027-06-14', '8901031258933', 'https://api.qrserver.com/v1/create-qr-code/?size=150x150&data=SKU-IND-1041', 11, 110, 'https://images.unsplash.com/photo-1543087215?w=200&auto=format&fit=crop&q=80', 2, 17),
(42, 'SKU-IND-1042', 'Pears Pure Soap 125g', 'Premium localized FMCG inventory item number 42', 345, 258.75, 310.5, 12, '04009706', 'Pieces', 'BAT-IND-142', '2027-07-15', '8901032021346', 'https://api.qrserver.com/v1/create-qr-code/?size=150x150&data=SKU-IND-1042', 12, 120, 'https://images.unsplash.com/photo-1543087315?w=200&auto=format&fit=crop&q=80', 3, 18),
(43, 'SKU-IND-1043', 'Clinic Plus Shampoo 650ml', 'Premium localized FMCG inventory item number 43', 352.5, 264.38, 317.25, 18, '04009937', 'Boxes', 'BAT-IND-143', '2027-08-16', '8901032783759', 'https://api.qrserver.com/v1/create-qr-code/?size=150x150&data=SKU-IND-1043', 13, 130, 'https://images.unsplash.com/photo-1543087415?w=200&auto=format&fit=crop&q=80', 4, 19),
(44, 'SKU-IND-1044', 'Head & Shoulders Cool Menthol', 'Premium localized FMCG inventory item number 44', 360, 270, 324, 28, '04010168', 'Cartons', 'BAT-IND-144', '2027-09-17', '8901033546172', 'https://api.qrserver.com/v1/create-qr-code/?size=150x150&data=SKU-IND-1044', 14, 140, 'https://images.unsplash.com/photo-1543087515?w=200&auto=format&fit=crop&q=80', 5, 20),
(45, 'SKU-IND-1045', 'Axe Signature Body Spray', 'Premium localized FMCG inventory item number 45', 367.5, 275.63, 330.75, 0, '04010399', 'Pieces', 'BAT-IND-145', '2027-10-18', '8901034308585', 'https://api.qrserver.com/v1/create-qr-code/?size=150x150&data=SKU-IND-1045', 15, 150, 'https://images.unsplash.com/photo-1543087615?w=200&auto=format&fit=crop&q=80', 1, 21),
(46, 'SKU-IND-1046', 'Sensodyne Toothpaste 150g', 'Premium localized FMCG inventory item number 46', 375, 281.25, 337.5, 5, '04010630', 'Boxes', 'BAT-IND-146', '2027-11-19', '8901035070998', 'https://api.qrserver.com/v1/create-qr-code/?size=150x150&data=SKU-IND-1046', 16, 160, 'https://images.unsplash.com/photo-1543087715?w=200&auto=format&fit=crop&q=80', 2, 22),
(47, 'SKU-IND-1047', 'Close-Up Red Hot Gel 150g', 'Premium localized FMCG inventory item number 47', 382.5, 286.88, 344.25, 12, '04010861', 'Cartons', 'BAT-IND-147', '2027-12-20', '8901035833411', 'https://api.qrserver.com/v1/create-qr-code/?size=150x150&data=SKU-IND-1047', 17, 170, 'https://images.unsplash.com/photo-1543087815?w=200&auto=format&fit=crop&q=80', 3, 23),
(48, 'SKU-IND-1048', 'Gillette Shaving Foam 200g', 'Premium localized FMCG inventory item number 48', 390, 292.5, 351, 18, '04011092', 'Pieces', 'BAT-IND-148', '2027-01-21', '8901036595824', 'https://api.qrserver.com/v1/create-qr-code/?size=150x150&data=SKU-IND-1048', 18, 180, 'https://images.unsplash.com/photo-1543087915?w=200&auto=format&fit=crop&q=80', 4, 24),
(49, 'SKU-IND-1049', 'Himalaya Neem Face Wash 200ml', 'Premium localized FMCG inventory item number 49', 397.5, 298.13, 357.75, 28, '04011323', 'Boxes', 'BAT-IND-149', '2027-02-22', '8901037358237', 'https://api.qrserver.com/v1/create-qr-code/?size=150x150&data=SKU-IND-1049', 19, 190, 'https://images.unsplash.com/photo-1543088015?w=200&auto=format&fit=crop&q=80', 5, 25),
(50, 'SKU-IND-1050', 'Vaseline Body Lotion 400ml', 'Premium localized FMCG inventory item number 50', 405, 303.75, 364.5, 0, '04011555', 'Cartons', 'BAT-IND-150', '2027-03-23', '8901038120650', 'https://api.qrserver.com/v1/create-qr-code/?size=150x150&data=SKU-IND-1050', 20, 200, 'https://images.unsplash.com/photo-1543088115?w=200&auto=format&fit=crop&q=80', 1, 1),
(51, 'SKU-IND-1051', 'Aashirvaad Multigrain Atta 5kg', 'Premium localized FMCG inventory item number 51', 412.5, 309.38, 371.25, 5, '04011786', 'Pieces', 'BAT-IND-151', '2027-04-24', '8901038883063', 'https://api.qrserver.com/v1/create-qr-code/?size=150x150&data=SKU-IND-1051', 21, 210, 'https://images.unsplash.com/photo-1543088215?w=200&auto=format&fit=crop&q=80', 2, 2),
(52, 'SKU-IND-1052', 'Pillsbury Chakki Fresh Atta 5kg', 'Premium localized FMCG inventory item number 52', 420, 315, 378, 12, '04012017', 'Boxes', 'BAT-IND-152', '2027-05-25', '8901039645476', 'https://api.qrserver.com/v1/create-qr-code/?size=150x150&data=SKU-IND-1052', 22, 220, 'https://images.unsplash.com/photo-1543088315?w=200&auto=format&fit=crop&q=80', 3, 3),
(53, 'SKU-IND-1053', 'Fortune Mustard Oil 1L', 'Premium localized FMCG inventory item number 53', 427.5, 320.63, 384.75, 18, '04012248', 'Cartons', 'BAT-IND-153', '2027-06-26', '8901040407889', 'https://api.qrserver.com/v1/create-qr-code/?size=150x150&data=SKU-IND-1053', 23, 230, 'https://images.unsplash.com/photo-1543088415?w=200&auto=format&fit=crop&q=80', 4, 4),
(54, 'SKU-IND-1054', 'Dhara Groundnut Oil 1L', 'Premium localized FMCG inventory item number 54', 435, 326.25, 391.5, 28, '04012479', 'Pieces', 'BAT-IND-154', '2027-07-27', '8901041170302', 'https://api.qrserver.com/v1/create-qr-code/?size=150x150&data=SKU-IND-1054', 24, 240, 'https://images.unsplash.com/photo-1543088515?w=200&auto=format&fit=crop&q=80', 5, 5),
(55, 'SKU-IND-1055', 'Tata Salt Lite 1kg', 'Premium localized FMCG inventory item number 55', 442.5, 331.88, 398.25, 0, '04012710', 'Boxes', 'BAT-IND-155', '2027-08-28', '8901041932715', 'https://api.qrserver.com/v1/create-qr-code/?size=150x150&data=SKU-IND-1055', 25, 250, 'https://images.unsplash.com/photo-1543088615?w=200&auto=format&fit=crop&q=80', 1, 6),
(56, 'SKU-IND-1056', 'Catch Black Pepper 100g', 'Premium localized FMCG inventory item number 56', 450, 337.5, 405, 5, '04012941', 'Cartons', 'BAT-IND-156', '2027-09-01', '8901042695128', 'https://api.qrserver.com/v1/create-qr-code/?size=150x150&data=SKU-IND-1056', 26, 260, 'https://images.unsplash.com/photo-1543088715?w=200&auto=format&fit=crop&q=80', 2, 7),
(57, 'SKU-IND-1057', 'MDH Deggi Mirch 100g', 'Premium localized FMCG inventory item number 57', 457.5, 343.13, 411.75, 12, '04013172', 'Pieces', 'BAT-IND-157', '2027-10-02', '8901043457541', 'https://api.qrserver.com/v1/create-qr-code/?size=150x150&data=SKU-IND-1057', 27, 270, 'https://images.unsplash.com/photo-1543088815?w=200&auto=format&fit=crop&q=80', 3, 8),
(58, 'SKU-IND-1058', 'Everest Garam Masala 100g', 'Premium localized FMCG inventory item number 58', 465, 348.75, 418.5, 18, '04013403', 'Boxes', 'BAT-IND-158', '2027-11-03', '8901044219954', 'https://api.qrserver.com/v1/create-qr-code/?size=150x150&data=SKU-IND-1058', 28, 280, 'https://images.unsplash.com/photo-1543088915?w=200&auto=format&fit=crop&q=80', 4, 9),
(59, 'SKU-IND-1059', 'Everest Sabji Masala 100g', 'Premium localized FMCG inventory item number 59', 472.5, 354.38, 425.25, 28, '04013634', 'Cartons', 'BAT-IND-159', '2027-12-04', '8901044982367', 'https://api.qrserver.com/v1/create-qr-code/?size=150x150&data=SKU-IND-1059', 29, 290, 'https://images.unsplash.com/photo-1543089015?w=200&auto=format&fit=crop&q=80', 5, 10),
(60, 'SKU-IND-1060', 'Tata Tea Premium 1kg', 'Premium localized FMCG inventory item number 60', 480, 360, 432, 0, '04013866', 'Pieces', 'BAT-IND-160', '2027-01-05', '8901045744780', 'https://api.qrserver.com/v1/create-qr-code/?size=150x150&data=SKU-IND-1060', 10, 100, 'https://images.unsplash.com/photo-1543089115?w=200&auto=format&fit=crop&q=80', 1, 11),
(61, 'SKU-IND-1061', 'Nescafe Classic Coffee 200g', 'Premium localized FMCG inventory item number 61', 487.5, 365.63, 438.75, 5, '04014097', 'Boxes', 'BAT-IND-161', '2027-02-06', '8901046507193', 'https://api.qrserver.com/v1/create-qr-code/?size=150x150&data=SKU-IND-1061', 11, 110, 'https://images.unsplash.com/photo-1543089215?w=200&auto=format&fit=crop&q=80', 2, 12),
(62, 'SKU-IND-1062', 'Bournvita Health Drink 1kg', 'Premium localized FMCG inventory item number 62', 495, 371.25, 445.5, 12, '04014328', 'Cartons', 'BAT-IND-162', '2027-03-07', '8901047269606', 'https://api.qrserver.com/v1/create-qr-code/?size=150x150&data=SKU-IND-1062', 12, 120, 'https://images.unsplash.com/photo-1543089315?w=200&auto=format&fit=crop&q=80', 3, 13),
(63, 'SKU-IND-1063', 'Horlicks Malt Drink 1kg', 'Premium localized FMCG inventory item number 63', 502.5, 376.88, 452.25, 18, '04014559', 'Pieces', 'BAT-IND-163', '2027-04-08', '8901048032019', 'https://api.qrserver.com/v1/create-qr-code/?size=150x150&data=SKU-IND-1063', 13, 130, 'https://images.unsplash.com/photo-1543089415?w=200&auto=format&fit=crop&q=80', 4, 14),
(64, 'SKU-IND-1064', 'Boost Energy Drink 1kg', 'Premium localized FMCG inventory item number 64', 510, 382.5, 459, 28, '04014790', 'Boxes', 'BAT-IND-164', '2027-05-09', '8901048794432', 'https://api.qrserver.com/v1/create-qr-code/?size=150x150&data=SKU-IND-1064', 14, 140, 'https://images.unsplash.com/photo-1543089515?w=200&auto=format&fit=crop&q=80', 5, 15),
(65, 'SKU-IND-1065', 'Real Mixed Fruit Juice 1L', 'Premium localized FMCG inventory item number 65', 517.5, 388.13, 465.75, 0, '04015021', 'Cartons', 'BAT-IND-165', '2027-06-10', '8901049556845', 'https://api.qrserver.com/v1/create-qr-code/?size=150x150&data=SKU-IND-1065', 15, 150, 'https://images.unsplash.com/photo-1543089615?w=200&auto=format&fit=crop&q=80', 1, 16),
(66, 'SKU-IND-1066', 'Uncle Chipps Spicy Treat 90g', 'Premium localized FMCG inventory item number 66', 525, 393.75, 472.5, 5, '04015252', 'Pieces', 'BAT-IND-166', '2027-07-11', '8901050319258', 'https://api.qrserver.com/v1/create-qr-code/?size=150x150&data=SKU-IND-1066', 16, 160, 'https://images.unsplash.com/photo-1543089715?w=200&auto=format&fit=crop&q=80', 2, 17),
(67, 'SKU-IND-1067', 'Bingo Mad Angles 90g', 'Premium localized FMCG inventory item number 67', 532.5, 399.38, 479.25, 12, '04015483', 'Boxes', 'BAT-IND-167', '2027-08-12', '8901051081671', 'https://api.qrserver.com/v1/create-qr-code/?size=150x150&data=SKU-IND-1067', 17, 170, 'https://images.unsplash.com/photo-1543089815?w=200&auto=format&fit=crop&q=80', 3, 18),
(68, 'SKU-IND-1068', 'Parle Monaco Salty Biscuits', 'Premium localized FMCG inventory item number 68', 540, 405, 486, 18, '04015714', 'Cartons', 'BAT-IND-168', '2027-09-13', '8901051844084', 'https://api.qrserver.com/v1/create-qr-code/?size=150x150&data=SKU-IND-1068', 18, 180, 'https://images.unsplash.com/photo-1543089915?w=200&auto=format&fit=crop&q=80', 4, 19),
(69, 'SKU-IND-1069', 'Britannia Marie Gold 250g', 'Premium localized FMCG inventory item number 69', 547.5, 410.63, 492.75, 28, '04015945', 'Pieces', 'BAT-IND-169', '2027-10-14', '8901052606497', 'https://api.qrserver.com/v1/create-qr-code/?size=150x150&data=SKU-IND-1069', 19, 190, 'https://images.unsplash.com/photo-1543090015?w=200&auto=format&fit=crop&q=80', 5, 20),
(70, 'SKU-IND-1070', 'Sunfeast Dark Fantasy 300g', 'Premium localized FMCG inventory item number 70', 555, 416.25, 499.5, 0, '04016177', 'Boxes', 'BAT-IND-170', '2027-11-15', '8901053368910', 'https://api.qrserver.com/v1/create-qr-code/?size=150x150&data=SKU-IND-1070', 20, 200, 'https://images.unsplash.com/photo-1543090115?w=200&auto=format&fit=crop&q=80', 1, 21),
(71, 'SKU-IND-1071', 'Ferrero Rocher T16 pack', 'Premium localized FMCG inventory item number 71', 562.5, 421.88, 506.25, 5, '04016408', 'Cartons', 'BAT-IND-171', '2027-12-16', '8901054131323', 'https://api.qrserver.com/v1/create-qr-code/?size=150x150&data=SKU-IND-1071', 21, 210, 'https://images.unsplash.com/photo-1543090215?w=200&auto=format&fit=crop&q=80', 2, 22),
(72, 'SKU-IND-1072', 'Hershey’s Chocolate Syrup 600g', 'Premium localized FMCG inventory item number 72', 570, 427.5, 513, 12, '04016639', 'Pieces', 'BAT-IND-172', '2027-01-17', '8901054893736', 'https://api.qrserver.com/v1/create-qr-code/?size=150x150&data=SKU-IND-1072', 22, 220, 'https://images.unsplash.com/photo-1543090315?w=200&auto=format&fit=crop&q=80', 3, 23),
(73, 'SKU-IND-1073', 'Kellogg’s Corn Flakes 875g', 'Premium localized FMCG inventory item number 73', 577.5, 433.13, 519.75, 18, '04016870', 'Boxes', 'BAT-IND-173', '2027-02-18', '8901055656149', 'https://api.qrserver.com/v1/create-qr-code/?size=150x150&data=SKU-IND-1073', 23, 230, 'https://images.unsplash.com/photo-1543090415?w=200&auto=format&fit=crop&q=80', 4, 24),
(74, 'SKU-IND-1074', 'Bagrry’s Rolled Oats 1kg', 'Premium localized FMCG inventory item number 74', 585, 438.75, 526.5, 28, '04017101', 'Cartons', 'BAT-IND-174', '2027-03-19', '8901056418562', 'https://api.qrserver.com/v1/create-qr-code/?size=150x150&data=SKU-IND-1074', 24, 240, 'https://images.unsplash.com/photo-1543090515?w=200&auto=format&fit=crop&q=80', 5, 25),
(75, 'SKU-IND-1075', 'Saffola Masala Oats 500g', 'Premium localized FMCG inventory item number 75', 592.5, 444.38, 533.25, 0, '04017332', 'Pieces', 'BAT-IND-175', '2027-04-20', '8901057180975', 'https://api.qrserver.com/v1/create-qr-code/?size=150x150&data=SKU-IND-1075', 25, 250, 'https://images.unsplash.com/photo-1543090615?w=200&auto=format&fit=crop&q=80', 1, 1),
(76, 'SKU-IND-1076', 'Kissan Tomato Ketchup 1kg', 'Premium localized FMCG inventory item number 76', 600, 450, 540, 5, '04017563', 'Boxes', 'BAT-IND-176', '2027-05-21', '8901057943388', 'https://api.qrserver.com/v1/create-qr-code/?size=150x150&data=SKU-IND-1076', 26, 260, 'https://images.unsplash.com/photo-1543090715?w=200&auto=format&fit=crop&q=80', 2, 2),
(77, 'SKU-IND-1077', 'Veeba Eggless Mayonnaise 250g', 'Premium localized FMCG inventory item number 77', 607.5, 455.63, 546.75, 12, '04017794', 'Cartons', 'BAT-IND-177', '2027-06-22', '8901058705801', 'https://api.qrserver.com/v1/create-qr-code/?size=150x150&data=SKU-IND-1077', 27, 270, 'https://images.unsplash.com/photo-1543090815?w=200&auto=format&fit=crop&q=80', 3, 3),
(78, 'SKU-IND-1078', 'FunFoods Peanut Butter 350g', 'Premium localized FMCG inventory item number 78', 615, 461.25, 553.5, 18, '04018025', 'Pieces', 'BAT-IND-178', '2027-07-23', '8901059468214', 'https://api.qrserver.com/v1/create-qr-code/?size=150x150&data=SKU-IND-1078', 28, 280, 'https://images.unsplash.com/photo-1543090915?w=200&auto=format&fit=crop&q=80', 4, 4),
(79, 'SKU-IND-1079', 'Amul Fresh Cream 250ml', 'Premium localized FMCG inventory item number 79', 622.5, 466.88, 560.25, 28, '04018256', 'Boxes', 'BAT-IND-179', '2027-08-24', '8901060230627', 'https://api.qrserver.com/v1/create-qr-code/?size=150x150&data=SKU-IND-1079', 29, 290, 'https://images.unsplash.com/photo-1543091015?w=200&auto=format&fit=crop&q=80', 5, 5),
(80, 'SKU-IND-1080', 'Yakult Probiotic Drink 5-Pack', 'Premium localized FMCG inventory item number 80', 630, 472.5, 567, 0, '04018488', 'Cartons', 'BAT-IND-180', '2027-09-25', '8901060993040', 'https://api.qrserver.com/v1/create-qr-code/?size=150x150&data=SKU-IND-1080', 10, 100, 'https://images.unsplash.com/photo-1543091115?w=200&auto=format&fit=crop&q=80', 1, 6),
(81, 'SKU-IND-1081', 'Vico Vajradanti Toothpaste', 'Premium localized FMCG inventory item number 81', 637.5, 478.13, 573.75, 5, '04018719', 'Pieces', 'BAT-IND-181', '2027-10-26', '8901061755453', 'https://api.qrserver.com/v1/create-qr-code/?size=150x150&data=SKU-IND-1081', 11, 110, 'https://images.unsplash.com/photo-1543091215?w=200&auto=format&fit=crop&q=80', 2, 7),
(82, 'SKU-IND-1082', 'Biotique Neem Body Wash', 'Premium localized FMCG inventory item number 82', 645, 483.75, 580.5, 12, '04018950', 'Boxes', 'BAT-IND-182', '2027-11-27', '8901062517866', 'https://api.qrserver.com/v1/create-qr-code/?size=150x150&data=SKU-IND-1082', 12, 120, 'https://images.unsplash.com/photo-1543091315?w=200&auto=format&fit=crop&q=80', 3, 8),
(83, 'SKU-IND-1083', 'Lifebuoy Total Soap 125g', 'Premium localized FMCG inventory item number 83', 652.5, 489.38, 587.25, 18, '04019181', 'Cartons', 'BAT-IND-183', '2027-12-28', '8901063280279', 'https://api.qrserver.com/v1/create-qr-code/?size=150x150&data=SKU-IND-1083', 13, 130, 'https://images.unsplash.com/photo-1543091415?w=200&auto=format&fit=crop&q=80', 4, 9),
(84, 'SKU-IND-1084', 'Savlon Antiseptic Soap', 'Premium localized FMCG inventory item number 84', 660, 495, 594, 28, '04019412', 'Pieces', 'BAT-IND-184', '2027-01-01', '8901064042692', 'https://api.qrserver.com/v1/create-qr-code/?size=150x150&data=SKU-IND-1084', 14, 140, 'https://images.unsplash.com/photo-1543091515?w=200&auto=format&fit=crop&q=80', 5, 10),
(85, 'SKU-IND-1085', 'Pond’s Sandal Powder 400g', 'Premium localized FMCG inventory item number 85', 667.5, 500.63, 600.75, 0, '04019643', 'Boxes', 'BAT-IND-185', '2027-02-02', '8901064805105', 'https://api.qrserver.com/v1/create-qr-code/?size=150x150&data=SKU-IND-1085', 15, 150, 'https://images.unsplash.com/photo-1543091615?w=200&auto=format&fit=crop&q=80', 1, 11),
(86, 'SKU-IND-1086', 'Ariel Matic Front Load 2kg', 'Premium localized FMCG inventory item number 86', 675, 506.25, 607.5, 5, '04019874', 'Cartons', 'BAT-IND-186', '2027-03-03', '8901065567518', 'https://api.qrserver.com/v1/create-qr-code/?size=150x150&data=SKU-IND-1086', 16, 160, 'https://images.unsplash.com/photo-1543091715?w=200&auto=format&fit=crop&q=80', 2, 12),
(87, 'SKU-IND-1087', 'Rin Detergent Bar 250g', 'Premium localized FMCG inventory item number 87', 682.5, 511.88, 614.25, 12, '04020105', 'Pieces', 'BAT-IND-187', '2027-04-04', '8901066329931', 'https://api.qrserver.com/v1/create-qr-code/?size=150x150&data=SKU-IND-1087', 17, 170, 'https://images.unsplash.com/photo-1543091815?w=200&auto=format&fit=crop&q=80', 3, 13),
(88, 'SKU-IND-1088', 'Colin Glass Cleaner 500ml', 'Premium localized FMCG inventory item number 88', 690, 517.5, 621, 18, '04020336', 'Boxes', 'BAT-IND-188', '2027-05-05', '8901067092344', 'https://api.qrserver.com/v1/create-qr-code/?size=150x150&data=SKU-IND-1088', 18, 180, 'https://images.unsplash.com/photo-1543091915?w=200&auto=format&fit=crop&q=80', 4, 14),
(89, 'SKU-IND-1089', 'Hit Flying Insect Killer 400ml', 'Premium localized FMCG inventory item number 89', 697.5, 523.13, 627.75, 28, '04020567', 'Cartons', 'BAT-IND-189', '2027-06-06', '8901067854757', 'https://api.qrserver.com/v1/create-qr-code/?size=150x150&data=SKU-IND-1089', 19, 190, 'https://images.unsplash.com/photo-1543092015?w=200&auto=format&fit=crop&q=80', 5, 15),
(90, 'SKU-IND-1090', 'Baygon Cockroach Spray 400ml', 'Premium localized FMCG inventory item number 90', 705, 528.75, 634.5, 0, '04020799', 'Pieces', 'BAT-IND-190', '2027-07-07', '8901068617170', 'https://api.qrserver.com/v1/create-qr-code/?size=150x150&data=SKU-IND-1090', 20, 200, 'https://images.unsplash.com/photo-1543092115?w=200&auto=format&fit=crop&q=80', 1, 16),
(91, 'SKU-IND-1091', 'Whisper Choice Wings 20 pads', 'Premium localized FMCG inventory item number 91', 712.5, 534.38, 641.25, 5, '04021030', 'Boxes', 'BAT-IND-191', '2027-08-08', '8901069379583', 'https://api.qrserver.com/v1/create-qr-code/?size=150x150&data=SKU-IND-1091', 21, 210, 'https://images.unsplash.com/photo-1543092215?w=200&auto=format&fit=crop&q=80', 2, 17),
(92, 'SKU-IND-1092', 'Stayfree Secure Extra Large', 'Premium localized FMCG inventory item number 92', 720, 540, 648, 12, '04021261', 'Cartons', 'BAT-IND-192', '2027-09-09', '8901070141996', 'https://api.qrserver.com/v1/create-qr-code/?size=150x150&data=SKU-IND-1092', 22, 220, 'https://images.unsplash.com/photo-1543092315?w=200&auto=format&fit=crop&q=80', 3, 18),
(93, 'SKU-IND-1093', 'Garnier Hair Color Natural', 'Premium localized FMCG inventory item number 93', 727.5, 545.63, 654.75, 18, '04021492', 'Pieces', 'BAT-IND-193', '2027-10-10', '8901070904409', 'https://api.qrserver.com/v1/create-qr-code/?size=150x150&data=SKU-IND-1093', 23, 230, 'https://images.unsplash.com/photo-1543092415?w=200&auto=format&fit=crop&q=80', 4, 19),
(94, 'SKU-IND-1094', 'Godrej Rich Black Powder', 'Premium localized FMCG inventory item number 94', 735, 551.25, 661.5, 28, '04021723', 'Boxes', 'BAT-IND-194', '2027-11-11', '8901071666822', 'https://api.qrserver.com/v1/create-qr-code/?size=150x150&data=SKU-IND-1094', 24, 240, 'https://images.unsplash.com/photo-1543092515?w=200&auto=format&fit=crop&q=80', 5, 20),
(95, 'SKU-IND-1095', 'Parachute Coconut Oil 500ml', 'Premium localized FMCG inventory item number 95', 742.5, 556.88, 668.25, 0, '04021954', 'Cartons', 'BAT-IND-195', '2027-12-12', '8901072429235', 'https://api.qrserver.com/v1/create-qr-code/?size=150x150&data=SKU-IND-1095', 25, 250, 'https://images.unsplash.com/photo-1543092615?w=200&auto=format&fit=crop&q=80', 1, 21),
(96, 'SKU-IND-1096', 'Dabur Amla Hair Oil 450ml', 'Premium localized FMCG inventory item number 96', 750, 562.5, 675, 5, '04022185', 'Pieces', 'BAT-IND-196', '2027-01-13', '8901073191648', 'https://api.qrserver.com/v1/create-qr-code/?size=150x150&data=SKU-IND-1096', 26, 260, 'https://images.unsplash.com/photo-1543092715?w=200&auto=format&fit=crop&q=80', 2, 22),
(97, 'SKU-IND-1097', 'Keo Karpin Hair Oil 300ml', 'Premium localized FMCG inventory item number 97', 757.5, 568.13, 681.75, 12, '04022416', 'Boxes', 'BAT-IND-197', '2027-02-14', '8901073954061', 'https://api.qrserver.com/v1/create-qr-code/?size=150x150&data=SKU-IND-1097', 27, 270, 'https://images.unsplash.com/photo-1543092815?w=200&auto=format&fit=crop&q=80', 3, 23),
(98, 'SKU-IND-1098', 'Fiama Di Wills Body Wash', 'Premium localized FMCG inventory item number 98', 765, 573.75, 688.5, 18, '04022647', 'Cartons', 'BAT-IND-198', '2027-03-15', '8901074716474', 'https://api.qrserver.com/v1/create-qr-code/?size=150x150&data=SKU-IND-1098', 28, 280, 'https://images.unsplash.com/photo-1543092915?w=200&auto=format&fit=crop&q=80', 4, 24),
(99, 'SKU-IND-1099', 'Wild Stone Code Body Spray', 'Premium localized FMCG inventory item number 99', 772.5, 579.38, 695.25, 28, '04022878', 'Pieces', 'BAT-IND-199', '2027-04-16', '8901075478887', 'https://api.qrserver.com/v1/create-qr-code/?size=150x150&data=SKU-IND-1099', 29, 290, 'https://images.unsplash.com/photo-1543093015?w=200&auto=format&fit=crop&q=80', 5, 25),
(100, 'SKU-IND-1100', 'Park Avenue Premium Cologne', 'Premium localized FMCG inventory item number 100', 780, 585, 702, 0, '04023110', 'Boxes', 'BAT-IND-200', '2027-05-17', '8901076241300', 'https://api.qrserver.com/v1/create-qr-code/?size=150x150&data=SKU-IND-1100', 10, 100, 'https://images.unsplash.com/photo-1543093115?w=200&auto=format&fit=crop&q=80', 1, 1)
ON DUPLICATE KEY UPDATE sku=VALUES(sku);

-- 6. Stock Levels (Active quantities inside warehouses)
INSERT INTO stock_levels (warehouse_id, product_id, quantity, rack_number) VALUES
(1, 1, 51, 'RCK-A-01'),
(1, 3, 53, 'RCK-A-03'),
(1, 4, 54, 'RCK-A-04'),
(1, 6, 56, 'RCK-A-06'),
(1, 7, 57, 'RCK-A-07'),
(1, 9, 59, 'RCK-A-09'),
(1, 10, 60, 'RCK-A-10'),
(1, 12, 62, 'RCK-A-12'),
(1, 13, 63, 'RCK-A-13'),
(1, 15, 65, 'RCK-A-15'),
(1, 16, 66, 'RCK-A-16'),
(1, 18, 68, 'RCK-A-18'),
(1, 19, 69, 'RCK-A-19'),
(1, 21, 71, 'RCK-A-21'),
(1, 22, 72, 'RCK-A-22'),
(1, 24, 74, 'RCK-A-24'),
(1, 25, 75, 'RCK-A-25'),
(1, 27, 77, 'RCK-A-27'),
(1, 28, 78, 'RCK-A-28'),
(1, 30, 80, 'RCK-A-30'),
(1, 31, 81, 'RCK-A-31'),
(1, 33, 83, 'RCK-A-33'),
(1, 34, 84, 'RCK-A-34'),
(1, 36, 86, 'RCK-A-36'),
(1, 37, 87, 'RCK-A-37'),
(1, 39, 89, 'RCK-A-39'),
(1, 40, 90, 'RCK-A-40'),
(1, 42, 92, 'RCK-A-42'),
(1, 43, 93, 'RCK-A-43'),
(1, 45, 95, 'RCK-A-45'),
(1, 46, 96, 'RCK-A-46'),
(1, 48, 98, 'RCK-A-48'),
(1, 49, 99, 'RCK-A-49'),
(1, 51, 101, 'RCK-A-51'),
(1, 52, 102, 'RCK-A-52'),
(1, 54, 104, 'RCK-A-54'),
(1, 55, 105, 'RCK-A-55'),
(1, 57, 107, 'RCK-A-57'),
(1, 58, 108, 'RCK-A-58'),
(1, 60, 110, 'RCK-A-60'),
(1, 61, 111, 'RCK-A-61'),
(1, 63, 113, 'RCK-A-63'),
(1, 64, 114, 'RCK-A-64'),
(1, 66, 116, 'RCK-A-66'),
(1, 67, 117, 'RCK-A-67'),
(1, 69, 119, 'RCK-A-69'),
(1, 70, 120, 'RCK-A-70'),
(1, 72, 122, 'RCK-A-72'),
(1, 73, 123, 'RCK-A-73'),
(1, 75, 125, 'RCK-A-75'),
(1, 76, 126, 'RCK-A-76'),
(1, 78, 128, 'RCK-A-78'),
(1, 79, 129, 'RCK-A-79'),
(1, 81, 131, 'RCK-A-81'),
(1, 82, 132, 'RCK-A-82'),
(1, 84, 134, 'RCK-A-84'),
(1, 85, 135, 'RCK-A-85'),
(1, 87, 137, 'RCK-A-87'),
(1, 88, 138, 'RCK-A-88'),
(1, 90, 140, 'RCK-A-90'),
(1, 91, 141, 'RCK-A-91'),
(1, 93, 143, 'RCK-A-93'),
(1, 94, 144, 'RCK-A-94'),
(1, 96, 146, 'RCK-A-96'),
(1, 97, 147, 'RCK-A-97'),
(1, 99, 149, 'RCK-A-99'),
(1, 100, 150, 'RCK-A-100'),
(2, 2, 54, 'RCK-B-02'),
(2, 3, 56, 'RCK-B-03'),
(2, 5, 60, 'RCK-B-05'),
(2, 6, 62, 'RCK-B-06'),
(2, 8, 66, 'RCK-B-08'),
(2, 9, 68, 'RCK-B-09'),
(2, 11, 72, 'RCK-B-11'),
(2, 12, 74, 'RCK-B-12'),
(2, 14, 78, 'RCK-B-14'),
(2, 15, 80, 'RCK-B-15'),
(2, 17, 84, 'RCK-B-17'),
(2, 18, 86, 'RCK-B-18'),
(2, 20, 90, 'RCK-B-20'),
(2, 21, 92, 'RCK-B-21'),
(2, 23, 96, 'RCK-B-23'),
(2, 24, 98, 'RCK-B-24'),
(2, 26, 102, 'RCK-B-26'),
(2, 27, 104, 'RCK-B-27'),
(2, 29, 108, 'RCK-B-29'),
(2, 30, 110, 'RCK-B-30'),
(2, 32, 114, 'RCK-B-32'),
(2, 33, 116, 'RCK-B-33'),
(2, 35, 120, 'RCK-B-35'),
(2, 36, 122, 'RCK-B-36'),
(2, 38, 126, 'RCK-B-38'),
(2, 39, 128, 'RCK-B-39'),
(2, 41, 132, 'RCK-B-41'),
(2, 42, 134, 'RCK-B-42'),
(2, 44, 138, 'RCK-B-44'),
(2, 45, 140, 'RCK-B-45'),
(2, 47, 144, 'RCK-B-47'),
(2, 48, 146, 'RCK-B-48'),
(2, 50, 150, 'RCK-B-50'),
(2, 51, 152, 'RCK-B-51'),
(2, 53, 156, 'RCK-B-53'),
(2, 54, 158, 'RCK-B-54'),
(2, 56, 162, 'RCK-B-56'),
(2, 57, 164, 'RCK-B-57'),
(2, 59, 168, 'RCK-B-59'),
(2, 60, 170, 'RCK-B-60'),
(2, 62, 174, 'RCK-B-62'),
(2, 63, 176, 'RCK-B-63'),
(2, 65, 180, 'RCK-B-65'),
(2, 66, 182, 'RCK-B-66'),
(2, 68, 186, 'RCK-B-68'),
(2, 69, 188, 'RCK-B-69'),
(2, 71, 192, 'RCK-B-71'),
(2, 72, 194, 'RCK-B-72'),
(2, 74, 198, 'RCK-B-74'),
(2, 75, 200, 'RCK-B-75'),
(2, 77, 204, 'RCK-B-77'),
(2, 78, 206, 'RCK-B-78'),
(2, 80, 210, 'RCK-B-80'),
(2, 81, 212, 'RCK-B-81'),
(2, 83, 216, 'RCK-B-83'),
(2, 84, 218, 'RCK-B-84'),
(2, 86, 222, 'RCK-B-86'),
(2, 87, 224, 'RCK-B-87'),
(2, 89, 228, 'RCK-B-89'),
(2, 90, 230, 'RCK-B-90'),
(2, 92, 234, 'RCK-B-92'),
(2, 93, 236, 'RCK-B-93'),
(2, 95, 240, 'RCK-B-95'),
(2, 96, 242, 'RCK-B-96'),
(2, 98, 246, 'RCK-B-98'),
(2, 99, 248, 'RCK-B-99'),
(3, 1, 53, 'RCK-C-01'),
(3, 2, 56, 'RCK-C-02'),
(3, 4, 62, 'RCK-C-04'),
(3, 5, 65, 'RCK-C-05'),
(3, 7, 71, 'RCK-C-07'),
(3, 8, 74, 'RCK-C-08'),
(3, 10, 80, 'RCK-C-10'),
(3, 11, 83, 'RCK-C-11'),
(3, 13, 89, 'RCK-C-13'),
(3, 14, 92, 'RCK-C-14'),
(3, 16, 98, 'RCK-C-16'),
(3, 17, 101, 'RCK-C-17'),
(3, 19, 107, 'RCK-C-19'),
(3, 20, 110, 'RCK-C-20'),
(3, 22, 116, 'RCK-C-22'),
(3, 23, 119, 'RCK-C-23'),
(3, 25, 125, 'RCK-C-25'),
(3, 26, 128, 'RCK-C-26'),
(3, 28, 134, 'RCK-C-28'),
(3, 29, 137, 'RCK-C-29'),
(3, 31, 143, 'RCK-C-31'),
(3, 32, 146, 'RCK-C-32'),
(3, 34, 152, 'RCK-C-34'),
(3, 35, 155, 'RCK-C-35'),
(3, 37, 161, 'RCK-C-37'),
(3, 38, 164, 'RCK-C-38'),
(3, 40, 170, 'RCK-C-40'),
(3, 41, 173, 'RCK-C-41'),
(3, 43, 179, 'RCK-C-43'),
(3, 44, 182, 'RCK-C-44'),
(3, 46, 188, 'RCK-C-46'),
(3, 47, 191, 'RCK-C-47'),
(3, 49, 197, 'RCK-C-49'),
(3, 50, 200, 'RCK-C-50'),
(3, 52, 206, 'RCK-C-52'),
(3, 53, 209, 'RCK-C-53'),
(3, 55, 215, 'RCK-C-55'),
(3, 56, 218, 'RCK-C-56'),
(3, 58, 224, 'RCK-C-58'),
(3, 59, 227, 'RCK-C-59'),
(3, 61, 233, 'RCK-C-61'),
(3, 62, 236, 'RCK-C-62'),
(3, 64, 242, 'RCK-C-64'),
(3, 65, 245, 'RCK-C-65'),
(3, 67, 251, 'RCK-C-67'),
(3, 68, 254, 'RCK-C-68'),
(3, 70, 260, 'RCK-C-70'),
(3, 71, 263, 'RCK-C-71'),
(3, 73, 269, 'RCK-C-73'),
(3, 74, 272, 'RCK-C-74'),
(3, 76, 278, 'RCK-C-76'),
(3, 77, 281, 'RCK-C-77'),
(3, 79, 287, 'RCK-C-79'),
(3, 80, 290, 'RCK-C-80'),
(3, 82, 296, 'RCK-C-82'),
(3, 83, 299, 'RCK-C-83'),
(3, 85, 55, 'RCK-C-85'),
(3, 86, 58, 'RCK-C-86'),
(3, 88, 64, 'RCK-C-88'),
(3, 89, 67, 'RCK-C-89'),
(3, 91, 73, 'RCK-C-91'),
(3, 92, 76, 'RCK-C-92'),
(3, 94, 82, 'RCK-C-94'),
(3, 95, 85, 'RCK-C-95'),
(3, 97, 91, 'RCK-C-97'),
(3, 98, 94, 'RCK-C-98'),
(3, 100, 100, 'RCK-C-100'),
(4, 1, 54, 'RCK-D-01'),
(4, 3, 62, 'RCK-D-03'),
(4, 4, 66, 'RCK-D-04'),
(4, 6, 74, 'RCK-D-06'),
(4, 7, 78, 'RCK-D-07'),
(4, 9, 86, 'RCK-D-09'),
(4, 10, 90, 'RCK-D-10'),
(4, 12, 98, 'RCK-D-12'),
(4, 13, 102, 'RCK-D-13'),
(4, 15, 110, 'RCK-D-15'),
(4, 16, 114, 'RCK-D-16'),
(4, 18, 122, 'RCK-D-18'),
(4, 19, 126, 'RCK-D-19'),
(4, 21, 134, 'RCK-D-21'),
(4, 22, 138, 'RCK-D-22'),
(4, 24, 146, 'RCK-D-24'),
(4, 25, 150, 'RCK-D-25'),
(4, 27, 158, 'RCK-D-27'),
(4, 28, 162, 'RCK-D-28'),
(4, 30, 170, 'RCK-D-30'),
(4, 31, 174, 'RCK-D-31'),
(4, 33, 182, 'RCK-D-33'),
(4, 34, 186, 'RCK-D-34'),
(4, 36, 194, 'RCK-D-36'),
(4, 37, 198, 'RCK-D-37'),
(4, 39, 206, 'RCK-D-39'),
(4, 40, 210, 'RCK-D-40'),
(4, 42, 218, 'RCK-D-42'),
(4, 43, 222, 'RCK-D-43'),
(4, 45, 230, 'RCK-D-45'),
(4, 46, 234, 'RCK-D-46'),
(4, 48, 242, 'RCK-D-48'),
(4, 49, 246, 'RCK-D-49'),
(4, 51, 254, 'RCK-D-51'),
(4, 52, 258, 'RCK-D-52'),
(4, 54, 266, 'RCK-D-54'),
(4, 55, 270, 'RCK-D-55'),
(4, 57, 278, 'RCK-D-57'),
(4, 58, 282, 'RCK-D-58'),
(4, 60, 290, 'RCK-D-60'),
(4, 61, 294, 'RCK-D-61'),
(4, 63, 52, 'RCK-D-63'),
(4, 64, 56, 'RCK-D-64'),
(4, 66, 64, 'RCK-D-66'),
(4, 67, 68, 'RCK-D-67'),
(4, 69, 76, 'RCK-D-69'),
(4, 70, 80, 'RCK-D-70'),
(4, 72, 88, 'RCK-D-72'),
(4, 73, 92, 'RCK-D-73'),
(4, 75, 100, 'RCK-D-75'),
(4, 76, 104, 'RCK-D-76'),
(4, 78, 112, 'RCK-D-78'),
(4, 79, 116, 'RCK-D-79'),
(4, 81, 124, 'RCK-D-81'),
(4, 82, 128, 'RCK-D-82'),
(4, 84, 136, 'RCK-D-84'),
(4, 85, 140, 'RCK-D-85'),
(4, 87, 148, 'RCK-D-87'),
(4, 88, 152, 'RCK-D-88'),
(4, 90, 160, 'RCK-D-90'),
(4, 91, 164, 'RCK-D-91'),
(4, 93, 172, 'RCK-D-93'),
(4, 94, 176, 'RCK-D-94'),
(4, 96, 184, 'RCK-D-96'),
(4, 97, 188, 'RCK-D-97'),
(4, 99, 196, 'RCK-D-99'),
(4, 100, 200, 'RCK-D-100'),
(5, 2, 60, 'RCK-E-02'),
(5, 3, 65, 'RCK-E-03'),
(5, 5, 75, 'RCK-E-05'),
(5, 6, 80, 'RCK-E-06'),
(5, 8, 90, 'RCK-E-08'),
(5, 9, 95, 'RCK-E-09'),
(5, 11, 105, 'RCK-E-11'),
(5, 12, 110, 'RCK-E-12'),
(5, 14, 120, 'RCK-E-14'),
(5, 15, 125, 'RCK-E-15'),
(5, 17, 135, 'RCK-E-17'),
(5, 18, 140, 'RCK-E-18'),
(5, 20, 150, 'RCK-E-20'),
(5, 21, 155, 'RCK-E-21'),
(5, 23, 165, 'RCK-E-23'),
(5, 24, 170, 'RCK-E-24'),
(5, 26, 180, 'RCK-E-26'),
(5, 27, 185, 'RCK-E-27'),
(5, 29, 195, 'RCK-E-29'),
(5, 30, 200, 'RCK-E-30'),
(5, 32, 210, 'RCK-E-32'),
(5, 33, 215, 'RCK-E-33'),
(5, 35, 225, 'RCK-E-35'),
(5, 36, 230, 'RCK-E-36'),
(5, 38, 240, 'RCK-E-38'),
(5, 39, 245, 'RCK-E-39'),
(5, 41, 255, 'RCK-E-41'),
(5, 42, 260, 'RCK-E-42'),
(5, 44, 270, 'RCK-E-44'),
(5, 45, 275, 'RCK-E-45'),
(5, 47, 285, 'RCK-E-47'),
(5, 48, 290, 'RCK-E-48'),
(5, 50, 50, 'RCK-E-50'),
(5, 51, 55, 'RCK-E-51'),
(5, 53, 65, 'RCK-E-53'),
(5, 54, 70, 'RCK-E-54'),
(5, 56, 80, 'RCK-E-56'),
(5, 57, 85, 'RCK-E-57'),
(5, 59, 95, 'RCK-E-59'),
(5, 60, 100, 'RCK-E-60'),
(5, 62, 110, 'RCK-E-62'),
(5, 63, 115, 'RCK-E-63'),
(5, 65, 125, 'RCK-E-65'),
(5, 66, 130, 'RCK-E-66'),
(5, 68, 140, 'RCK-E-68'),
(5, 69, 145, 'RCK-E-69'),
(5, 71, 155, 'RCK-E-71'),
(5, 72, 160, 'RCK-E-72'),
(5, 74, 170, 'RCK-E-74'),
(5, 75, 175, 'RCK-E-75'),
(5, 77, 185, 'RCK-E-77'),
(5, 78, 190, 'RCK-E-78'),
(5, 80, 200, 'RCK-E-80'),
(5, 81, 205, 'RCK-E-81'),
(5, 83, 215, 'RCK-E-83'),
(5, 84, 220, 'RCK-E-84'),
(5, 86, 230, 'RCK-E-86'),
(5, 87, 235, 'RCK-E-87'),
(5, 89, 245, 'RCK-E-89'),
(5, 90, 250, 'RCK-E-90'),
(5, 92, 260, 'RCK-E-92'),
(5, 93, 265, 'RCK-E-93'),
(5, 95, 275, 'RCK-E-95'),
(5, 96, 280, 'RCK-E-96'),
(5, 98, 290, 'RCK-E-98'),
(5, 99, 295, 'RCK-E-99')
ON DUPLICATE KEY UPDATE quantity=VALUES(quantity);

-- 7. Stock Transactions (Exactly 500 entries for charts and reports)
INSERT INTO stock_transactions (id, product_id, from_warehouse_id, to_warehouse_id, quantity, type, user_id, notes, invoice_number, po_number, created_at) VALUES
(1, 2, 2, NULL, 11, 'OUT', 2, 'Direct sale fulfillment dispatch', 'INV-GST-1001', 'PO-IND-2001', '2026-07-10 13:00:11'),
(2, 3, 3, 4, 12, 'TRANSFER', 3, 'Internal inventory balance transfer', 'INV-GST-1002', 'PO-IND-2002', '2026-07-10 13:00:11'),
(3, 4, NULL, 4, 13, 'IN', 4, 'Procured from primary vendor', 'INV-GST-1003', 'PO-IND-2003', '2026-07-09 13:00:11'),
(4, 5, 5, NULL, 14, 'OUT', 5, 'Direct sale fulfillment dispatch', 'INV-GST-1004', 'PO-IND-2004', '2026-07-09 13:00:11'),
(5, 6, 1, 2, 15, 'TRANSFER', 6, 'Internal inventory balance transfer', 'INV-GST-1005', 'PO-IND-2005', '2026-07-09 13:00:11'),
(6, 7, NULL, 2, 16, 'IN', 7, 'Procured from primary vendor', 'INV-GST-1006', 'PO-IND-2006', '2026-07-08 13:00:11'),
(7, 8, 3, NULL, 17, 'OUT', 8, 'Direct sale fulfillment dispatch', 'INV-GST-1007', 'PO-IND-2007', '2026-07-08 13:00:11'),
(8, 9, 4, 5, 18, 'TRANSFER', 9, 'Internal inventory balance transfer', 'INV-GST-1008', 'PO-IND-2008', '2026-07-08 13:00:11'),
(9, 10, NULL, 5, 19, 'IN', 10, 'Procured from primary vendor', 'INV-GST-1009', 'PO-IND-2009', '2026-07-07 13:00:11'),
(10, 11, 1, NULL, 20, 'OUT', 11, 'Direct sale fulfillment dispatch', 'INV-GST-1010', 'PO-IND-2010', '2026-07-07 13:00:11'),
(11, 12, 2, 3, 21, 'TRANSFER', 12, 'Internal inventory balance transfer', 'INV-GST-1011', 'PO-IND-2011', '2026-07-07 13:00:11'),
(12, 13, NULL, 3, 22, 'IN', 13, 'Procured from primary vendor', 'INV-GST-1012', 'PO-IND-2012', '2026-07-06 13:00:11'),
(13, 14, 4, NULL, 23, 'OUT', 14, 'Direct sale fulfillment dispatch', 'INV-GST-1013', 'PO-IND-2013', '2026-07-06 13:00:11'),
(14, 15, 5, 1, 24, 'TRANSFER', 15, 'Internal inventory balance transfer', 'INV-GST-1014', 'PO-IND-2014', '2026-07-06 13:00:11'),
(15, 16, NULL, 1, 25, 'IN', 1, 'Procured from primary vendor', 'INV-GST-1015', 'PO-IND-2015', '2026-07-05 13:00:11'),
(16, 17, 2, NULL, 26, 'OUT', 2, 'Direct sale fulfillment dispatch', 'INV-GST-1016', 'PO-IND-2016', '2026-07-05 13:00:11'),
(17, 18, 3, 4, 27, 'TRANSFER', 3, 'Internal inventory balance transfer', 'INV-GST-1017', 'PO-IND-2017', '2026-07-05 13:00:11'),
(18, 19, NULL, 4, 28, 'IN', 4, 'Procured from primary vendor', 'INV-GST-1018', 'PO-IND-2018', '2026-07-04 13:00:11'),
(19, 20, 5, NULL, 29, 'OUT', 5, 'Direct sale fulfillment dispatch', 'INV-GST-1019', 'PO-IND-2019', '2026-07-04 13:00:11'),
(20, 21, 1, 2, 30, 'TRANSFER', 6, 'Internal inventory balance transfer', 'INV-GST-1020', 'PO-IND-2020', '2026-07-03 13:00:11'),
(21, 22, NULL, 2, 31, 'IN', 7, 'Procured from primary vendor', 'INV-GST-1021', 'PO-IND-2021', '2026-07-03 13:00:11'),
(22, 23, 3, NULL, 32, 'OUT', 8, 'Direct sale fulfillment dispatch', 'INV-GST-1022', 'PO-IND-2022', '2026-07-03 13:00:11'),
(23, 24, 4, 5, 33, 'TRANSFER', 9, 'Internal inventory balance transfer', 'INV-GST-1023', 'PO-IND-2023', '2026-07-02 13:00:11'),
(24, 25, NULL, 5, 34, 'IN', 10, 'Procured from primary vendor', 'INV-GST-1024', 'PO-IND-2024', '2026-07-02 13:00:11'),
(25, 26, 1, NULL, 35, 'OUT', 11, 'Direct sale fulfillment dispatch', 'INV-GST-1025', 'PO-IND-2025', '2026-07-02 13:00:11'),
(26, 27, 2, 3, 36, 'TRANSFER', 12, 'Internal inventory balance transfer', 'INV-GST-1026', 'PO-IND-2026', '2026-07-01 13:00:11'),
(27, 28, NULL, 3, 37, 'IN', 13, 'Procured from primary vendor', 'INV-GST-1027', 'PO-IND-2027', '2026-07-01 13:00:11'),
(28, 29, 4, NULL, 38, 'OUT', 14, 'Direct sale fulfillment dispatch', 'INV-GST-1028', 'PO-IND-2028', '2026-07-01 13:00:11'),
(29, 30, 5, 1, 39, 'TRANSFER', 15, 'Internal inventory balance transfer', 'INV-GST-1029', 'PO-IND-2029', '2026-06-30 13:00:11'),
(30, 31, NULL, 1, 40, 'IN', 1, 'Procured from primary vendor', 'INV-GST-1030', 'PO-IND-2030', '2026-06-30 13:00:11'),
(31, 32, 2, NULL, 41, 'OUT', 2, 'Direct sale fulfillment dispatch', 'INV-GST-1031', 'PO-IND-2031', '2026-06-30 13:00:11'),
(32, 33, 3, 4, 42, 'TRANSFER', 3, 'Internal inventory balance transfer', 'INV-GST-1032', 'PO-IND-2032', '2026-06-29 13:00:11'),
(33, 34, NULL, 4, 43, 'IN', 4, 'Procured from primary vendor', 'INV-GST-1033', 'PO-IND-2033', '2026-06-29 13:00:11'),
(34, 35, 5, NULL, 44, 'OUT', 5, 'Direct sale fulfillment dispatch', 'INV-GST-1034', 'PO-IND-2034', '2026-06-29 13:00:11'),
(35, 36, 1, 2, 45, 'TRANSFER', 6, 'Internal inventory balance transfer', 'INV-GST-1035', 'PO-IND-2035', '2026-06-28 13:00:11'),
(36, 37, NULL, 2, 46, 'IN', 7, 'Procured from primary vendor', 'INV-GST-1036', 'PO-IND-2036', '2026-06-28 13:00:11'),
(37, 38, 3, NULL, 47, 'OUT', 8, 'Direct sale fulfillment dispatch', 'INV-GST-1037', 'PO-IND-2037', '2026-06-28 13:00:11'),
(38, 39, 4, 5, 48, 'TRANSFER', 9, 'Internal inventory balance transfer', 'INV-GST-1038', 'PO-IND-2038', '2026-06-27 13:00:11'),
(39, 40, NULL, 5, 49, 'IN', 10, 'Procured from primary vendor', 'INV-GST-1039', 'PO-IND-2039', '2026-06-27 13:00:11'),
(40, 41, 1, NULL, 50, 'OUT', 11, 'Direct sale fulfillment dispatch', 'INV-GST-1040', 'PO-IND-2040', '2026-06-26 13:00:11'),
(41, 42, 2, 3, 51, 'TRANSFER', 12, 'Internal inventory balance transfer', 'INV-GST-1041', 'PO-IND-2041', '2026-06-26 13:00:11'),
(42, 43, NULL, 3, 52, 'IN', 13, 'Procured from primary vendor', 'INV-GST-1042', 'PO-IND-2042', '2026-06-26 13:00:11'),
(43, 44, 4, NULL, 53, 'OUT', 14, 'Direct sale fulfillment dispatch', 'INV-GST-1043', 'PO-IND-2043', '2026-06-25 13:00:11'),
(44, 45, 5, 1, 54, 'TRANSFER', 15, 'Internal inventory balance transfer', 'INV-GST-1044', 'PO-IND-2044', '2026-06-25 13:00:11'),
(45, 46, NULL, 1, 55, 'IN', 1, 'Procured from primary vendor', 'INV-GST-1045', 'PO-IND-2045', '2026-06-25 13:00:11'),
(46, 47, 2, NULL, 56, 'OUT', 2, 'Direct sale fulfillment dispatch', 'INV-GST-1046', 'PO-IND-2046', '2026-06-24 13:00:11'),
(47, 48, 3, 4, 57, 'TRANSFER', 3, 'Internal inventory balance transfer', 'INV-GST-1047', 'PO-IND-2047', '2026-06-24 13:00:11'),
(48, 49, NULL, 4, 58, 'IN', 4, 'Procured from primary vendor', 'INV-GST-1048', 'PO-IND-2048', '2026-06-24 13:00:11'),
(49, 50, 5, NULL, 59, 'OUT', 5, 'Direct sale fulfillment dispatch', 'INV-GST-1049', 'PO-IND-2049', '2026-06-23 13:00:11'),
(50, 51, 1, 2, 60, 'TRANSFER', 6, 'Internal inventory balance transfer', 'INV-GST-1050', 'PO-IND-2050', '2026-06-23 13:00:11'),
(51, 52, NULL, 2, 61, 'IN', 7, 'Procured from primary vendor', 'INV-GST-1051', 'PO-IND-2051', '2026-06-23 13:00:11'),
(52, 53, 3, NULL, 62, 'OUT', 8, 'Direct sale fulfillment dispatch', 'INV-GST-1052', 'PO-IND-2052', '2026-06-22 13:00:11'),
(53, 54, 4, 5, 63, 'TRANSFER', 9, 'Internal inventory balance transfer', 'INV-GST-1053', 'PO-IND-2053', '2026-06-22 13:00:11'),
(54, 55, NULL, 5, 64, 'IN', 10, 'Procured from primary vendor', 'INV-GST-1054', 'PO-IND-2054', '2026-06-22 13:00:11'),
(55, 56, 1, NULL, 65, 'OUT', 11, 'Direct sale fulfillment dispatch', 'INV-GST-1055', 'PO-IND-2055', '2026-06-21 13:00:11'),
(56, 57, 2, 3, 66, 'TRANSFER', 12, 'Internal inventory balance transfer', 'INV-GST-1056', 'PO-IND-2056', '2026-06-21 13:00:11'),
(57, 58, NULL, 3, 67, 'IN', 13, 'Procured from primary vendor', 'INV-GST-1057', 'PO-IND-2057', '2026-06-21 13:00:11'),
(58, 59, 4, NULL, 68, 'OUT', 14, 'Direct sale fulfillment dispatch', 'INV-GST-1058', 'PO-IND-2058', '2026-06-20 13:00:11'),
(59, 60, 5, 1, 69, 'TRANSFER', 15, 'Internal inventory balance transfer', 'INV-GST-1059', 'PO-IND-2059', '2026-06-20 13:00:11'),
(60, 61, NULL, 1, 70, 'IN', 1, 'Procured from primary vendor', 'INV-GST-1060', 'PO-IND-2060', '2026-06-19 13:00:11'),
(61, 62, 2, NULL, 71, 'OUT', 2, 'Direct sale fulfillment dispatch', 'INV-GST-1061', 'PO-IND-2061', '2026-06-19 13:00:11'),
(62, 63, 3, 4, 72, 'TRANSFER', 3, 'Internal inventory balance transfer', 'INV-GST-1062', 'PO-IND-2062', '2026-06-19 13:00:11'),
(63, 64, NULL, 4, 73, 'IN', 4, 'Procured from primary vendor', 'INV-GST-1063', 'PO-IND-2063', '2026-06-18 13:00:11'),
(64, 65, 5, NULL, 74, 'OUT', 5, 'Direct sale fulfillment dispatch', 'INV-GST-1064', 'PO-IND-2064', '2026-06-18 13:00:11'),
(65, 66, 1, 2, 75, 'TRANSFER', 6, 'Internal inventory balance transfer', 'INV-GST-1065', 'PO-IND-2065', '2026-06-18 13:00:11'),
(66, 67, NULL, 2, 76, 'IN', 7, 'Procured from primary vendor', 'INV-GST-1066', 'PO-IND-2066', '2026-06-17 13:00:11'),
(67, 68, 3, NULL, 77, 'OUT', 8, 'Direct sale fulfillment dispatch', 'INV-GST-1067', 'PO-IND-2067', '2026-06-17 13:00:11'),
(68, 69, 4, 5, 78, 'TRANSFER', 9, 'Internal inventory balance transfer', 'INV-GST-1068', 'PO-IND-2068', '2026-06-17 13:00:11'),
(69, 70, NULL, 5, 79, 'IN', 10, 'Procured from primary vendor', 'INV-GST-1069', 'PO-IND-2069', '2026-06-16 13:00:11'),
(70, 71, 1, NULL, 80, 'OUT', 11, 'Direct sale fulfillment dispatch', 'INV-GST-1070', 'PO-IND-2070', '2026-06-16 13:00:11'),
(71, 72, 2, 3, 81, 'TRANSFER', 12, 'Internal inventory balance transfer', 'INV-GST-1071', 'PO-IND-2071', '2026-06-16 13:00:11'),
(72, 73, NULL, 3, 82, 'IN', 13, 'Procured from primary vendor', 'INV-GST-1072', 'PO-IND-2072', '2026-06-15 13:00:11'),
(73, 74, 4, NULL, 83, 'OUT', 14, 'Direct sale fulfillment dispatch', 'INV-GST-1073', 'PO-IND-2073', '2026-06-15 13:00:11'),
(74, 75, 5, 1, 84, 'TRANSFER', 15, 'Internal inventory balance transfer', 'INV-GST-1074', 'PO-IND-2074', '2026-06-15 13:00:11'),
(75, 76, NULL, 1, 85, 'IN', 1, 'Procured from primary vendor', 'INV-GST-1075', 'PO-IND-2075', '2026-06-14 13:00:11'),
(76, 77, 2, NULL, 86, 'OUT', 2, 'Direct sale fulfillment dispatch', 'INV-GST-1076', 'PO-IND-2076', '2026-06-14 13:00:11'),
(77, 78, 3, 4, 87, 'TRANSFER', 3, 'Internal inventory balance transfer', 'INV-GST-1077', 'PO-IND-2077', '2026-06-14 13:00:11'),
(78, 79, NULL, 4, 88, 'IN', 4, 'Procured from primary vendor', 'INV-GST-1078', 'PO-IND-2078', '2026-06-13 13:00:11'),
(79, 80, 5, NULL, 89, 'OUT', 5, 'Direct sale fulfillment dispatch', 'INV-GST-1079', 'PO-IND-2079', '2026-06-13 13:00:11'),
(80, 81, 1, 2, 10, 'TRANSFER', 6, 'Internal inventory balance transfer', 'INV-GST-1080', 'PO-IND-2080', '2026-06-12 13:00:11'),
(81, 82, NULL, 2, 11, 'IN', 7, 'Procured from primary vendor', 'INV-GST-1081', 'PO-IND-2081', '2026-06-12 13:00:11'),
(82, 83, 3, NULL, 12, 'OUT', 8, 'Direct sale fulfillment dispatch', 'INV-GST-1082', 'PO-IND-2082', '2026-06-12 13:00:11'),
(83, 84, 4, 5, 13, 'TRANSFER', 9, 'Internal inventory balance transfer', 'INV-GST-1083', 'PO-IND-2083', '2026-06-11 13:00:11'),
(84, 85, NULL, 5, 14, 'IN', 10, 'Procured from primary vendor', 'INV-GST-1084', 'PO-IND-2084', '2026-06-11 13:00:11'),
(85, 86, 1, NULL, 15, 'OUT', 11, 'Direct sale fulfillment dispatch', 'INV-GST-1085', 'PO-IND-2085', '2026-06-11 13:00:11'),
(86, 87, 2, 3, 16, 'TRANSFER', 12, 'Internal inventory balance transfer', 'INV-GST-1086', 'PO-IND-2086', '2026-06-10 13:00:11'),
(87, 88, NULL, 3, 17, 'IN', 13, 'Procured from primary vendor', 'INV-GST-1087', 'PO-IND-2087', '2026-06-10 13:00:11'),
(88, 89, 4, NULL, 18, 'OUT', 14, 'Direct sale fulfillment dispatch', 'INV-GST-1088', 'PO-IND-2088', '2026-06-10 13:00:11'),
(89, 90, 5, 1, 19, 'TRANSFER', 15, 'Internal inventory balance transfer', 'INV-GST-1089', 'PO-IND-2089', '2026-06-09 13:00:11'),
(90, 91, NULL, 1, 20, 'IN', 1, 'Procured from primary vendor', 'INV-GST-1090', 'PO-IND-2090', '2026-06-09 13:00:11'),
(91, 92, 2, NULL, 21, 'OUT', 2, 'Direct sale fulfillment dispatch', 'INV-GST-1091', 'PO-IND-2091', '2026-06-09 13:00:11'),
(92, 93, 3, 4, 22, 'TRANSFER', 3, 'Internal inventory balance transfer', 'INV-GST-1092', 'PO-IND-2092', '2026-06-08 13:00:11'),
(93, 94, NULL, 4, 23, 'IN', 4, 'Procured from primary vendor', 'INV-GST-1093', 'PO-IND-2093', '2026-06-08 13:00:11'),
(94, 95, 5, NULL, 24, 'OUT', 5, 'Direct sale fulfillment dispatch', 'INV-GST-1094', 'PO-IND-2094', '2026-06-08 13:00:11'),
(95, 96, 1, 2, 25, 'TRANSFER', 6, 'Internal inventory balance transfer', 'INV-GST-1095', 'PO-IND-2095', '2026-06-07 13:00:11'),
(96, 97, NULL, 2, 26, 'IN', 7, 'Procured from primary vendor', 'INV-GST-1096', 'PO-IND-2096', '2026-06-07 13:00:11'),
(97, 98, 3, NULL, 27, 'OUT', 8, 'Direct sale fulfillment dispatch', 'INV-GST-1097', 'PO-IND-2097', '2026-06-07 13:00:11'),
(98, 99, 4, 5, 28, 'TRANSFER', 9, 'Internal inventory balance transfer', 'INV-GST-1098', 'PO-IND-2098', '2026-06-06 13:00:11'),
(99, 100, NULL, 5, 29, 'IN', 10, 'Procured from primary vendor', 'INV-GST-1099', 'PO-IND-2099', '2026-06-06 13:00:11'),
(100, 1, 1, NULL, 30, 'OUT', 11, 'Direct sale fulfillment dispatch', 'INV-GST-1100', 'PO-IND-2100', '2026-06-05 13:00:11'),
(101, 2, 2, 3, 31, 'TRANSFER', 12, 'Internal inventory balance transfer', 'INV-GST-1101', 'PO-IND-2101', '2026-06-05 13:00:11'),
(102, 3, NULL, 3, 32, 'IN', 13, 'Procured from primary vendor', 'INV-GST-1102', 'PO-IND-2102', '2026-06-05 13:00:11'),
(103, 4, 4, NULL, 33, 'OUT', 14, 'Direct sale fulfillment dispatch', 'INV-GST-1103', 'PO-IND-2103', '2026-06-04 13:00:11'),
(104, 5, 5, 1, 34, 'TRANSFER', 15, 'Internal inventory balance transfer', 'INV-GST-1104', 'PO-IND-2104', '2026-06-04 13:00:11'),
(105, 6, NULL, 1, 35, 'IN', 1, 'Procured from primary vendor', 'INV-GST-1105', 'PO-IND-2105', '2026-06-04 13:00:11'),
(106, 7, 2, NULL, 36, 'OUT', 2, 'Direct sale fulfillment dispatch', 'INV-GST-1106', 'PO-IND-2106', '2026-06-03 13:00:11'),
(107, 8, 3, 4, 37, 'TRANSFER', 3, 'Internal inventory balance transfer', 'INV-GST-1107', 'PO-IND-2107', '2026-06-03 13:00:11'),
(108, 9, NULL, 4, 38, 'IN', 4, 'Procured from primary vendor', 'INV-GST-1108', 'PO-IND-2108', '2026-06-03 13:00:11'),
(109, 10, 5, NULL, 39, 'OUT', 5, 'Direct sale fulfillment dispatch', 'INV-GST-1109', 'PO-IND-2109', '2026-06-02 13:00:11'),
(110, 11, 1, 2, 40, 'TRANSFER', 6, 'Internal inventory balance transfer', 'INV-GST-1110', 'PO-IND-2110', '2026-06-02 13:00:11'),
(111, 12, NULL, 2, 41, 'IN', 7, 'Procured from primary vendor', 'INV-GST-1111', 'PO-IND-2111', '2026-06-02 13:00:11'),
(112, 13, 3, NULL, 42, 'OUT', 8, 'Direct sale fulfillment dispatch', 'INV-GST-1112', 'PO-IND-2112', '2026-06-01 13:00:11'),
(113, 14, 4, 5, 43, 'TRANSFER', 9, 'Internal inventory balance transfer', 'INV-GST-1113', 'PO-IND-2113', '2026-06-01 13:00:11'),
(114, 15, NULL, 5, 44, 'IN', 10, 'Procured from primary vendor', 'INV-GST-1114', 'PO-IND-2114', '2026-06-01 13:00:11'),
(115, 16, 1, NULL, 45, 'OUT', 11, 'Direct sale fulfillment dispatch', 'INV-GST-1115', 'PO-IND-2115', '2026-05-31 13:00:11'),
(116, 17, 2, 3, 46, 'TRANSFER', 12, 'Internal inventory balance transfer', 'INV-GST-1116', 'PO-IND-2116', '2026-05-31 13:00:11'),
(117, 18, NULL, 3, 47, 'IN', 13, 'Procured from primary vendor', 'INV-GST-1117', 'PO-IND-2117', '2026-05-31 13:00:11'),
(118, 19, 4, NULL, 48, 'OUT', 14, 'Direct sale fulfillment dispatch', 'INV-GST-1118', 'PO-IND-2118', '2026-05-30 13:00:11'),
(119, 20, 5, 1, 49, 'TRANSFER', 15, 'Internal inventory balance transfer', 'INV-GST-1119', 'PO-IND-2119', '2026-05-30 13:00:11'),
(120, 21, NULL, 1, 50, 'IN', 1, 'Procured from primary vendor', 'INV-GST-1120', 'PO-IND-2120', '2026-05-29 13:00:11'),
(121, 22, 2, NULL, 51, 'OUT', 2, 'Direct sale fulfillment dispatch', 'INV-GST-1121', 'PO-IND-2121', '2026-05-29 13:00:11'),
(122, 23, 3, 4, 52, 'TRANSFER', 3, 'Internal inventory balance transfer', 'INV-GST-1122', 'PO-IND-2122', '2026-05-29 13:00:11'),
(123, 24, NULL, 4, 53, 'IN', 4, 'Procured from primary vendor', 'INV-GST-1123', 'PO-IND-2123', '2026-05-28 13:00:11'),
(124, 25, 5, NULL, 54, 'OUT', 5, 'Direct sale fulfillment dispatch', 'INV-GST-1124', 'PO-IND-2124', '2026-05-28 13:00:11'),
(125, 26, 1, 2, 55, 'TRANSFER', 6, 'Internal inventory balance transfer', 'INV-GST-1125', 'PO-IND-2125', '2026-05-28 13:00:11'),
(126, 27, NULL, 2, 56, 'IN', 7, 'Procured from primary vendor', 'INV-GST-1126', 'PO-IND-2126', '2026-05-27 13:00:11'),
(127, 28, 3, NULL, 57, 'OUT', 8, 'Direct sale fulfillment dispatch', 'INV-GST-1127', 'PO-IND-2127', '2026-05-27 13:00:11'),
(128, 29, 4, 5, 58, 'TRANSFER', 9, 'Internal inventory balance transfer', 'INV-GST-1128', 'PO-IND-2128', '2026-05-27 13:00:11'),
(129, 30, NULL, 5, 59, 'IN', 10, 'Procured from primary vendor', 'INV-GST-1129', 'PO-IND-2129', '2026-05-26 13:00:11'),
(130, 31, 1, NULL, 60, 'OUT', 11, 'Direct sale fulfillment dispatch', 'INV-GST-1130', 'PO-IND-2130', '2026-05-26 13:00:11'),
(131, 32, 2, 3, 61, 'TRANSFER', 12, 'Internal inventory balance transfer', 'INV-GST-1131', 'PO-IND-2131', '2026-05-26 13:00:11'),
(132, 33, NULL, 3, 62, 'IN', 13, 'Procured from primary vendor', 'INV-GST-1132', 'PO-IND-2132', '2026-05-25 13:00:11'),
(133, 34, 4, NULL, 63, 'OUT', 14, 'Direct sale fulfillment dispatch', 'INV-GST-1133', 'PO-IND-2133', '2026-05-25 13:00:11'),
(134, 35, 5, 1, 64, 'TRANSFER', 15, 'Internal inventory balance transfer', 'INV-GST-1134', 'PO-IND-2134', '2026-05-25 13:00:11'),
(135, 36, NULL, 1, 65, 'IN', 1, 'Procured from primary vendor', 'INV-GST-1135', 'PO-IND-2135', '2026-05-24 13:00:11'),
(136, 37, 2, NULL, 66, 'OUT', 2, 'Direct sale fulfillment dispatch', 'INV-GST-1136', 'PO-IND-2136', '2026-05-24 13:00:11'),
(137, 38, 3, 4, 67, 'TRANSFER', 3, 'Internal inventory balance transfer', 'INV-GST-1137', 'PO-IND-2137', '2026-05-24 13:00:11'),
(138, 39, NULL, 4, 68, 'IN', 4, 'Procured from primary vendor', 'INV-GST-1138', 'PO-IND-2138', '2026-05-23 13:00:11'),
(139, 40, 5, NULL, 69, 'OUT', 5, 'Direct sale fulfillment dispatch', 'INV-GST-1139', 'PO-IND-2139', '2026-05-23 13:00:11'),
(140, 41, 1, 2, 70, 'TRANSFER', 6, 'Internal inventory balance transfer', 'INV-GST-1140', 'PO-IND-2140', '2026-05-22 13:00:11'),
(141, 42, NULL, 2, 71, 'IN', 7, 'Procured from primary vendor', 'INV-GST-1141', 'PO-IND-2141', '2026-05-22 13:00:11'),
(142, 43, 3, NULL, 72, 'OUT', 8, 'Direct sale fulfillment dispatch', 'INV-GST-1142', 'PO-IND-2142', '2026-05-22 13:00:11'),
(143, 44, 4, 5, 73, 'TRANSFER', 9, 'Internal inventory balance transfer', 'INV-GST-1143', 'PO-IND-2143', '2026-05-21 13:00:11'),
(144, 45, NULL, 5, 74, 'IN', 10, 'Procured from primary vendor', 'INV-GST-1144', 'PO-IND-2144', '2026-05-21 13:00:11'),
(145, 46, 1, NULL, 75, 'OUT', 11, 'Direct sale fulfillment dispatch', 'INV-GST-1145', 'PO-IND-2145', '2026-05-21 13:00:11'),
(146, 47, 2, 3, 76, 'TRANSFER', 12, 'Internal inventory balance transfer', 'INV-GST-1146', 'PO-IND-2146', '2026-05-20 13:00:11'),
(147, 48, NULL, 3, 77, 'IN', 13, 'Procured from primary vendor', 'INV-GST-1147', 'PO-IND-2147', '2026-05-20 13:00:11'),
(148, 49, 4, NULL, 78, 'OUT', 14, 'Direct sale fulfillment dispatch', 'INV-GST-1148', 'PO-IND-2148', '2026-05-20 13:00:11'),
(149, 50, 5, 1, 79, 'TRANSFER', 15, 'Internal inventory balance transfer', 'INV-GST-1149', 'PO-IND-2149', '2026-05-19 13:00:11'),
(150, 51, NULL, 1, 80, 'IN', 1, 'Procured from primary vendor', 'INV-GST-1150', 'PO-IND-2150', '2026-05-19 13:00:11'),
(151, 52, 2, NULL, 81, 'OUT', 2, 'Direct sale fulfillment dispatch', 'INV-GST-1151', 'PO-IND-2151', '2026-05-19 13:00:11'),
(152, 53, 3, 4, 82, 'TRANSFER', 3, 'Internal inventory balance transfer', 'INV-GST-1152', 'PO-IND-2152', '2026-05-18 13:00:11'),
(153, 54, NULL, 4, 83, 'IN', 4, 'Procured from primary vendor', 'INV-GST-1153', 'PO-IND-2153', '2026-05-18 13:00:11'),
(154, 55, 5, NULL, 84, 'OUT', 5, 'Direct sale fulfillment dispatch', 'INV-GST-1154', 'PO-IND-2154', '2026-05-18 13:00:11'),
(155, 56, 1, 2, 85, 'TRANSFER', 6, 'Internal inventory balance transfer', 'INV-GST-1155', 'PO-IND-2155', '2026-05-17 13:00:11'),
(156, 57, NULL, 2, 86, 'IN', 7, 'Procured from primary vendor', 'INV-GST-1156', 'PO-IND-2156', '2026-05-17 13:00:11'),
(157, 58, 3, NULL, 87, 'OUT', 8, 'Direct sale fulfillment dispatch', 'INV-GST-1157', 'PO-IND-2157', '2026-05-17 13:00:11'),
(158, 59, 4, 5, 88, 'TRANSFER', 9, 'Internal inventory balance transfer', 'INV-GST-1158', 'PO-IND-2158', '2026-05-16 13:00:11'),
(159, 60, NULL, 5, 89, 'IN', 10, 'Procured from primary vendor', 'INV-GST-1159', 'PO-IND-2159', '2026-05-16 13:00:11'),
(160, 61, 1, NULL, 10, 'OUT', 11, 'Direct sale fulfillment dispatch', 'INV-GST-1160', 'PO-IND-2160', '2026-05-15 13:00:11'),
(161, 62, 2, 3, 11, 'TRANSFER', 12, 'Internal inventory balance transfer', 'INV-GST-1161', 'PO-IND-2161', '2026-05-15 13:00:11'),
(162, 63, NULL, 3, 12, 'IN', 13, 'Procured from primary vendor', 'INV-GST-1162', 'PO-IND-2162', '2026-05-15 13:00:11'),
(163, 64, 4, NULL, 13, 'OUT', 14, 'Direct sale fulfillment dispatch', 'INV-GST-1163', 'PO-IND-2163', '2026-05-14 13:00:11'),
(164, 65, 5, 1, 14, 'TRANSFER', 15, 'Internal inventory balance transfer', 'INV-GST-1164', 'PO-IND-2164', '2026-05-14 13:00:11'),
(165, 66, NULL, 1, 15, 'IN', 1, 'Procured from primary vendor', 'INV-GST-1165', 'PO-IND-2165', '2026-05-14 13:00:11'),
(166, 67, 2, NULL, 16, 'OUT', 2, 'Direct sale fulfillment dispatch', 'INV-GST-1166', 'PO-IND-2166', '2026-05-13 13:00:11'),
(167, 68, 3, 4, 17, 'TRANSFER', 3, 'Internal inventory balance transfer', 'INV-GST-1167', 'PO-IND-2167', '2026-05-13 13:00:11'),
(168, 69, NULL, 4, 18, 'IN', 4, 'Procured from primary vendor', 'INV-GST-1168', 'PO-IND-2168', '2026-05-13 13:00:11'),
(169, 70, 5, NULL, 19, 'OUT', 5, 'Direct sale fulfillment dispatch', 'INV-GST-1169', 'PO-IND-2169', '2026-05-12 13:00:11'),
(170, 71, 1, 2, 20, 'TRANSFER', 6, 'Internal inventory balance transfer', 'INV-GST-1170', 'PO-IND-2170', '2026-05-12 13:00:11'),
(171, 72, NULL, 2, 21, 'IN', 7, 'Procured from primary vendor', 'INV-GST-1171', 'PO-IND-2171', '2026-05-12 13:00:11'),
(172, 73, 3, NULL, 22, 'OUT', 8, 'Direct sale fulfillment dispatch', 'INV-GST-1172', 'PO-IND-2172', '2026-05-11 13:00:11'),
(173, 74, 4, 5, 23, 'TRANSFER', 9, 'Internal inventory balance transfer', 'INV-GST-1173', 'PO-IND-2173', '2026-05-11 13:00:11'),
(174, 75, NULL, 5, 24, 'IN', 10, 'Procured from primary vendor', 'INV-GST-1174', 'PO-IND-2174', '2026-05-11 13:00:11'),
(175, 76, 1, NULL, 25, 'OUT', 11, 'Direct sale fulfillment dispatch', 'INV-GST-1175', 'PO-IND-2175', '2026-05-10 13:00:11'),
(176, 77, 2, 3, 26, 'TRANSFER', 12, 'Internal inventory balance transfer', 'INV-GST-1176', 'PO-IND-2176', '2026-05-10 13:00:11'),
(177, 78, NULL, 3, 27, 'IN', 13, 'Procured from primary vendor', 'INV-GST-1177', 'PO-IND-2177', '2026-05-10 13:00:11'),
(178, 79, 4, NULL, 28, 'OUT', 14, 'Direct sale fulfillment dispatch', 'INV-GST-1178', 'PO-IND-2178', '2026-05-09 13:00:11'),
(179, 80, 5, 1, 29, 'TRANSFER', 15, 'Internal inventory balance transfer', 'INV-GST-1179', 'PO-IND-2179', '2026-05-09 13:00:11'),
(180, 81, NULL, 1, 30, 'IN', 1, 'Procured from primary vendor', 'INV-GST-1180', 'PO-IND-2180', '2026-05-09 13:00:11'),
(181, 82, 2, NULL, 31, 'OUT', 2, 'Direct sale fulfillment dispatch', 'INV-GST-1181', 'PO-IND-2181', '2026-05-08 13:00:11'),
(182, 83, 3, 4, 32, 'TRANSFER', 3, 'Internal inventory balance transfer', 'INV-GST-1182', 'PO-IND-2182', '2026-05-08 13:00:11'),
(183, 84, NULL, 4, 33, 'IN', 4, 'Procured from primary vendor', 'INV-GST-1183', 'PO-IND-2183', '2026-05-07 13:00:11'),
(184, 85, 5, NULL, 34, 'OUT', 5, 'Direct sale fulfillment dispatch', 'INV-GST-1184', 'PO-IND-2184', '2026-05-07 13:00:11'),
(185, 86, 1, 2, 35, 'TRANSFER', 6, 'Internal inventory balance transfer', 'INV-GST-1185', 'PO-IND-2185', '2026-05-07 13:00:11'),
(186, 87, NULL, 2, 36, 'IN', 7, 'Procured from primary vendor', 'INV-GST-1186', 'PO-IND-2186', '2026-05-06 13:00:11'),
(187, 88, 3, NULL, 37, 'OUT', 8, 'Direct sale fulfillment dispatch', 'INV-GST-1187', 'PO-IND-2187', '2026-05-06 13:00:11'),
(188, 89, 4, 5, 38, 'TRANSFER', 9, 'Internal inventory balance transfer', 'INV-GST-1188', 'PO-IND-2188', '2026-05-06 13:00:11'),
(189, 90, NULL, 5, 39, 'IN', 10, 'Procured from primary vendor', 'INV-GST-1189', 'PO-IND-2189', '2026-05-05 13:00:11'),
(190, 91, 1, NULL, 40, 'OUT', 11, 'Direct sale fulfillment dispatch', 'INV-GST-1190', 'PO-IND-2190', '2026-05-05 13:00:11'),
(191, 92, 2, 3, 41, 'TRANSFER', 12, 'Internal inventory balance transfer', 'INV-GST-1191', 'PO-IND-2191', '2026-05-05 13:00:11'),
(192, 93, NULL, 3, 42, 'IN', 13, 'Procured from primary vendor', 'INV-GST-1192', 'PO-IND-2192', '2026-05-04 13:00:11'),
(193, 94, 4, NULL, 43, 'OUT', 14, 'Direct sale fulfillment dispatch', 'INV-GST-1193', 'PO-IND-2193', '2026-05-04 13:00:11'),
(194, 95, 5, 1, 44, 'TRANSFER', 15, 'Internal inventory balance transfer', 'INV-GST-1194', 'PO-IND-2194', '2026-05-04 13:00:11'),
(195, 96, NULL, 1, 45, 'IN', 1, 'Procured from primary vendor', 'INV-GST-1195', 'PO-IND-2195', '2026-05-03 13:00:11'),
(196, 97, 2, NULL, 46, 'OUT', 2, 'Direct sale fulfillment dispatch', 'INV-GST-1196', 'PO-IND-2196', '2026-05-03 13:00:11'),
(197, 98, 3, 4, 47, 'TRANSFER', 3, 'Internal inventory balance transfer', 'INV-GST-1197', 'PO-IND-2197', '2026-05-03 13:00:11'),
(198, 99, NULL, 4, 48, 'IN', 4, 'Procured from primary vendor', 'INV-GST-1198', 'PO-IND-2198', '2026-05-02 13:00:11'),
(199, 100, 5, NULL, 49, 'OUT', 5, 'Direct sale fulfillment dispatch', 'INV-GST-1199', 'PO-IND-2199', '2026-05-02 13:00:11'),
(200, 1, 1, 2, 50, 'TRANSFER', 6, 'Internal inventory balance transfer', 'INV-GST-1200', 'PO-IND-2200', '2026-05-01 13:00:11'),
(201, 2, NULL, 2, 51, 'IN', 7, 'Procured from primary vendor', 'INV-GST-1201', 'PO-IND-2201', '2026-05-01 13:00:11'),
(202, 3, 3, NULL, 52, 'OUT', 8, 'Direct sale fulfillment dispatch', 'INV-GST-1202', 'PO-IND-2202', '2026-05-01 13:00:11'),
(203, 4, 4, 5, 53, 'TRANSFER', 9, 'Internal inventory balance transfer', 'INV-GST-1203', 'PO-IND-2203', '2026-04-30 13:00:11'),
(204, 5, NULL, 5, 54, 'IN', 10, 'Procured from primary vendor', 'INV-GST-1204', 'PO-IND-2204', '2026-04-30 13:00:11'),
(205, 6, 1, NULL, 55, 'OUT', 11, 'Direct sale fulfillment dispatch', 'INV-GST-1205', 'PO-IND-2205', '2026-04-30 13:00:11'),
(206, 7, 2, 3, 56, 'TRANSFER', 12, 'Internal inventory balance transfer', 'INV-GST-1206', 'PO-IND-2206', '2026-04-29 13:00:11'),
(207, 8, NULL, 3, 57, 'IN', 13, 'Procured from primary vendor', 'INV-GST-1207', 'PO-IND-2207', '2026-04-29 13:00:11'),
(208, 9, 4, NULL, 58, 'OUT', 14, 'Direct sale fulfillment dispatch', 'INV-GST-1208', 'PO-IND-2208', '2026-04-29 13:00:11'),
(209, 10, 5, 1, 59, 'TRANSFER', 15, 'Internal inventory balance transfer', 'INV-GST-1209', 'PO-IND-2209', '2026-04-28 13:00:11'),
(210, 11, NULL, 1, 60, 'IN', 1, 'Procured from primary vendor', 'INV-GST-1210', 'PO-IND-2210', '2026-04-28 13:00:11'),
(211, 12, 2, NULL, 61, 'OUT', 2, 'Direct sale fulfillment dispatch', 'INV-GST-1211', 'PO-IND-2211', '2026-04-28 13:00:11'),
(212, 13, 3, 4, 62, 'TRANSFER', 3, 'Internal inventory balance transfer', 'INV-GST-1212', 'PO-IND-2212', '2026-04-27 13:00:11'),
(213, 14, NULL, 4, 63, 'IN', 4, 'Procured from primary vendor', 'INV-GST-1213', 'PO-IND-2213', '2026-04-27 13:00:11'),
(214, 15, 5, NULL, 64, 'OUT', 5, 'Direct sale fulfillment dispatch', 'INV-GST-1214', 'PO-IND-2214', '2026-04-27 13:00:11'),
(215, 16, 1, 2, 65, 'TRANSFER', 6, 'Internal inventory balance transfer', 'INV-GST-1215', 'PO-IND-2215', '2026-04-26 13:00:11'),
(216, 17, NULL, 2, 66, 'IN', 7, 'Procured from primary vendor', 'INV-GST-1216', 'PO-IND-2216', '2026-04-26 13:00:11'),
(217, 18, 3, NULL, 67, 'OUT', 8, 'Direct sale fulfillment dispatch', 'INV-GST-1217', 'PO-IND-2217', '2026-04-26 13:00:11'),
(218, 19, 4, 5, 68, 'TRANSFER', 9, 'Internal inventory balance transfer', 'INV-GST-1218', 'PO-IND-2218', '2026-04-25 13:00:11'),
(219, 20, NULL, 5, 69, 'IN', 10, 'Procured from primary vendor', 'INV-GST-1219', 'PO-IND-2219', '2026-04-25 13:00:11'),
(220, 21, 1, NULL, 70, 'OUT', 11, 'Direct sale fulfillment dispatch', 'INV-GST-1220', 'PO-IND-2220', '2026-04-24 13:00:11'),
(221, 22, 2, 3, 71, 'TRANSFER', 12, 'Internal inventory balance transfer', 'INV-GST-1221', 'PO-IND-2221', '2026-04-24 13:00:11'),
(222, 23, NULL, 3, 72, 'IN', 13, 'Procured from primary vendor', 'INV-GST-1222', 'PO-IND-2222', '2026-04-24 13:00:11'),
(223, 24, 4, NULL, 73, 'OUT', 14, 'Direct sale fulfillment dispatch', 'INV-GST-1223', 'PO-IND-2223', '2026-04-23 13:00:11'),
(224, 25, 5, 1, 74, 'TRANSFER', 15, 'Internal inventory balance transfer', 'INV-GST-1224', 'PO-IND-2224', '2026-04-23 13:00:11'),
(225, 26, NULL, 1, 75, 'IN', 1, 'Procured from primary vendor', 'INV-GST-1225', 'PO-IND-2225', '2026-04-23 13:00:11'),
(226, 27, 2, NULL, 76, 'OUT', 2, 'Direct sale fulfillment dispatch', 'INV-GST-1226', 'PO-IND-2226', '2026-04-22 13:00:11'),
(227, 28, 3, 4, 77, 'TRANSFER', 3, 'Internal inventory balance transfer', 'INV-GST-1227', 'PO-IND-2227', '2026-04-22 13:00:11'),
(228, 29, NULL, 4, 78, 'IN', 4, 'Procured from primary vendor', 'INV-GST-1228', 'PO-IND-2228', '2026-04-22 13:00:11'),
(229, 30, 5, NULL, 79, 'OUT', 5, 'Direct sale fulfillment dispatch', 'INV-GST-1229', 'PO-IND-2229', '2026-04-21 13:00:11'),
(230, 31, 1, 2, 80, 'TRANSFER', 6, 'Internal inventory balance transfer', 'INV-GST-1230', 'PO-IND-2230', '2026-04-21 13:00:11'),
(231, 32, NULL, 2, 81, 'IN', 7, 'Procured from primary vendor', 'INV-GST-1231', 'PO-IND-2231', '2026-04-21 13:00:11'),
(232, 33, 3, NULL, 82, 'OUT', 8, 'Direct sale fulfillment dispatch', 'INV-GST-1232', 'PO-IND-2232', '2026-04-20 13:00:11'),
(233, 34, 4, 5, 83, 'TRANSFER', 9, 'Internal inventory balance transfer', 'INV-GST-1233', 'PO-IND-2233', '2026-04-20 13:00:11'),
(234, 35, NULL, 5, 84, 'IN', 10, 'Procured from primary vendor', 'INV-GST-1234', 'PO-IND-2234', '2026-04-20 13:00:11'),
(235, 36, 1, NULL, 85, 'OUT', 11, 'Direct sale fulfillment dispatch', 'INV-GST-1235', 'PO-IND-2235', '2026-04-19 13:00:11'),
(236, 37, 2, 3, 86, 'TRANSFER', 12, 'Internal inventory balance transfer', 'INV-GST-1236', 'PO-IND-2236', '2026-04-19 13:00:11'),
(237, 38, NULL, 3, 87, 'IN', 13, 'Procured from primary vendor', 'INV-GST-1237', 'PO-IND-2237', '2026-04-19 13:00:11'),
(238, 39, 4, NULL, 88, 'OUT', 14, 'Direct sale fulfillment dispatch', 'INV-GST-1238', 'PO-IND-2238', '2026-04-18 13:00:11'),
(239, 40, 5, 1, 89, 'TRANSFER', 15, 'Internal inventory balance transfer', 'INV-GST-1239', 'PO-IND-2239', '2026-04-18 13:00:11'),
(240, 41, NULL, 1, 10, 'IN', 1, 'Procured from primary vendor', 'INV-GST-1240', 'PO-IND-2240', '2026-04-17 13:00:11'),
(241, 42, 2, NULL, 11, 'OUT', 2, 'Direct sale fulfillment dispatch', 'INV-GST-1241', 'PO-IND-2241', '2026-04-17 13:00:11'),
(242, 43, 3, 4, 12, 'TRANSFER', 3, 'Internal inventory balance transfer', 'INV-GST-1242', 'PO-IND-2242', '2026-04-17 13:00:11'),
(243, 44, NULL, 4, 13, 'IN', 4, 'Procured from primary vendor', 'INV-GST-1243', 'PO-IND-2243', '2026-04-16 13:00:11'),
(244, 45, 5, NULL, 14, 'OUT', 5, 'Direct sale fulfillment dispatch', 'INV-GST-1244', 'PO-IND-2244', '2026-04-16 13:00:11'),
(245, 46, 1, 2, 15, 'TRANSFER', 6, 'Internal inventory balance transfer', 'INV-GST-1245', 'PO-IND-2245', '2026-04-16 13:00:11'),
(246, 47, NULL, 2, 16, 'IN', 7, 'Procured from primary vendor', 'INV-GST-1246', 'PO-IND-2246', '2026-04-15 13:00:11'),
(247, 48, 3, NULL, 17, 'OUT', 8, 'Direct sale fulfillment dispatch', 'INV-GST-1247', 'PO-IND-2247', '2026-04-15 13:00:11'),
(248, 49, 4, 5, 18, 'TRANSFER', 9, 'Internal inventory balance transfer', 'INV-GST-1248', 'PO-IND-2248', '2026-04-15 13:00:11'),
(249, 50, NULL, 5, 19, 'IN', 10, 'Procured from primary vendor', 'INV-GST-1249', 'PO-IND-2249', '2026-04-14 13:00:11'),
(250, 51, 1, NULL, 20, 'OUT', 11, 'Direct sale fulfillment dispatch', 'INV-GST-1250', 'PO-IND-2250', '2026-04-14 13:00:11'),
(251, 52, 2, 3, 21, 'TRANSFER', 12, 'Internal inventory balance transfer', 'INV-GST-1251', 'PO-IND-2251', '2026-04-14 13:00:11'),
(252, 53, NULL, 3, 22, 'IN', 13, 'Procured from primary vendor', 'INV-GST-1252', 'PO-IND-2252', '2026-04-13 13:00:11'),
(253, 54, 4, NULL, 23, 'OUT', 14, 'Direct sale fulfillment dispatch', 'INV-GST-1253', 'PO-IND-2253', '2026-04-13 13:00:11'),
(254, 55, 5, 1, 24, 'TRANSFER', 15, 'Internal inventory balance transfer', 'INV-GST-1254', 'PO-IND-2254', '2026-04-13 13:00:11'),
(255, 56, NULL, 1, 25, 'IN', 1, 'Procured from primary vendor', 'INV-GST-1255', 'PO-IND-2255', '2026-04-12 13:00:11'),
(256, 57, 2, NULL, 26, 'OUT', 2, 'Direct sale fulfillment dispatch', 'INV-GST-1256', 'PO-IND-2256', '2026-04-12 13:00:11'),
(257, 58, 3, 4, 27, 'TRANSFER', 3, 'Internal inventory balance transfer', 'INV-GST-1257', 'PO-IND-2257', '2026-04-12 13:00:11'),
(258, 59, NULL, 4, 28, 'IN', 4, 'Procured from primary vendor', 'INV-GST-1258', 'PO-IND-2258', '2026-04-11 13:00:11'),
(259, 60, 5, NULL, 29, 'OUT', 5, 'Direct sale fulfillment dispatch', 'INV-GST-1259', 'PO-IND-2259', '2026-04-11 13:00:11'),
(260, 61, 1, 2, 30, 'TRANSFER', 6, 'Internal inventory balance transfer', 'INV-GST-1260', 'PO-IND-2260', '2026-04-10 13:00:11'),
(261, 62, NULL, 2, 31, 'IN', 7, 'Procured from primary vendor', 'INV-GST-1261', 'PO-IND-2261', '2026-04-10 13:00:11'),
(262, 63, 3, NULL, 32, 'OUT', 8, 'Direct sale fulfillment dispatch', 'INV-GST-1262', 'PO-IND-2262', '2026-04-10 13:00:11'),
(263, 64, 4, 5, 33, 'TRANSFER', 9, 'Internal inventory balance transfer', 'INV-GST-1263', 'PO-IND-2263', '2026-04-09 13:00:11'),
(264, 65, NULL, 5, 34, 'IN', 10, 'Procured from primary vendor', 'INV-GST-1264', 'PO-IND-2264', '2026-04-09 13:00:11'),
(265, 66, 1, NULL, 35, 'OUT', 11, 'Direct sale fulfillment dispatch', 'INV-GST-1265', 'PO-IND-2265', '2026-04-09 13:00:11'),
(266, 67, 2, 3, 36, 'TRANSFER', 12, 'Internal inventory balance transfer', 'INV-GST-1266', 'PO-IND-2266', '2026-04-08 13:00:11'),
(267, 68, NULL, 3, 37, 'IN', 13, 'Procured from primary vendor', 'INV-GST-1267', 'PO-IND-2267', '2026-04-08 13:00:11'),
(268, 69, 4, NULL, 38, 'OUT', 14, 'Direct sale fulfillment dispatch', 'INV-GST-1268', 'PO-IND-2268', '2026-04-08 13:00:11'),
(269, 70, 5, 1, 39, 'TRANSFER', 15, 'Internal inventory balance transfer', 'INV-GST-1269', 'PO-IND-2269', '2026-04-07 13:00:11'),
(270, 71, NULL, 1, 40, 'IN', 1, 'Procured from primary vendor', 'INV-GST-1270', 'PO-IND-2270', '2026-04-07 13:00:11'),
(271, 72, 2, NULL, 41, 'OUT', 2, 'Direct sale fulfillment dispatch', 'INV-GST-1271', 'PO-IND-2271', '2026-04-07 13:00:11'),
(272, 73, 3, 4, 42, 'TRANSFER', 3, 'Internal inventory balance transfer', 'INV-GST-1272', 'PO-IND-2272', '2026-04-06 13:00:11'),
(273, 74, NULL, 4, 43, 'IN', 4, 'Procured from primary vendor', 'INV-GST-1273', 'PO-IND-2273', '2026-04-06 13:00:11'),
(274, 75, 5, NULL, 44, 'OUT', 5, 'Direct sale fulfillment dispatch', 'INV-GST-1274', 'PO-IND-2274', '2026-04-06 13:00:11'),
(275, 76, 1, 2, 45, 'TRANSFER', 6, 'Internal inventory balance transfer', 'INV-GST-1275', 'PO-IND-2275', '2026-04-05 13:00:11'),
(276, 77, NULL, 2, 46, 'IN', 7, 'Procured from primary vendor', 'INV-GST-1276', 'PO-IND-2276', '2026-04-05 13:00:11'),
(277, 78, 3, NULL, 47, 'OUT', 8, 'Direct sale fulfillment dispatch', 'INV-GST-1277', 'PO-IND-2277', '2026-04-05 13:00:11'),
(278, 79, 4, 5, 48, 'TRANSFER', 9, 'Internal inventory balance transfer', 'INV-GST-1278', 'PO-IND-2278', '2026-04-04 13:00:11'),
(279, 80, NULL, 5, 49, 'IN', 10, 'Procured from primary vendor', 'INV-GST-1279', 'PO-IND-2279', '2026-04-04 13:00:11'),
(280, 81, 1, NULL, 50, 'OUT', 11, 'Direct sale fulfillment dispatch', 'INV-GST-1280', 'PO-IND-2280', '2026-04-03 13:00:11'),
(281, 82, 2, 3, 51, 'TRANSFER', 12, 'Internal inventory balance transfer', 'INV-GST-1281', 'PO-IND-2281', '2026-04-03 13:00:11'),
(282, 83, NULL, 3, 52, 'IN', 13, 'Procured from primary vendor', 'INV-GST-1282', 'PO-IND-2282', '2026-04-03 13:00:11'),
(283, 84, 4, NULL, 53, 'OUT', 14, 'Direct sale fulfillment dispatch', 'INV-GST-1283', 'PO-IND-2283', '2026-04-02 13:00:11'),
(284, 85, 5, 1, 54, 'TRANSFER', 15, 'Internal inventory balance transfer', 'INV-GST-1284', 'PO-IND-2284', '2026-04-02 13:00:11'),
(285, 86, NULL, 1, 55, 'IN', 1, 'Procured from primary vendor', 'INV-GST-1285', 'PO-IND-2285', '2026-04-02 13:00:11'),
(286, 87, 2, NULL, 56, 'OUT', 2, 'Direct sale fulfillment dispatch', 'INV-GST-1286', 'PO-IND-2286', '2026-04-01 13:00:11'),
(287, 88, 3, 4, 57, 'TRANSFER', 3, 'Internal inventory balance transfer', 'INV-GST-1287', 'PO-IND-2287', '2026-04-01 13:00:11'),
(288, 89, NULL, 4, 58, 'IN', 4, 'Procured from primary vendor', 'INV-GST-1288', 'PO-IND-2288', '2026-04-01 13:00:11'),
(289, 90, 5, NULL, 59, 'OUT', 5, 'Direct sale fulfillment dispatch', 'INV-GST-1289', 'PO-IND-2289', '2026-03-31 13:00:11'),
(290, 91, 1, 2, 60, 'TRANSFER', 6, 'Internal inventory balance transfer', 'INV-GST-1290', 'PO-IND-2290', '2026-03-31 13:00:11'),
(291, 92, NULL, 2, 61, 'IN', 7, 'Procured from primary vendor', 'INV-GST-1291', 'PO-IND-2291', '2026-03-31 13:00:11'),
(292, 93, 3, NULL, 62, 'OUT', 8, 'Direct sale fulfillment dispatch', 'INV-GST-1292', 'PO-IND-2292', '2026-03-30 13:00:11'),
(293, 94, 4, 5, 63, 'TRANSFER', 9, 'Internal inventory balance transfer', 'INV-GST-1293', 'PO-IND-2293', '2026-03-30 13:00:11'),
(294, 95, NULL, 5, 64, 'IN', 10, 'Procured from primary vendor', 'INV-GST-1294', 'PO-IND-2294', '2026-03-30 13:00:11'),
(295, 96, 1, NULL, 65, 'OUT', 11, 'Direct sale fulfillment dispatch', 'INV-GST-1295', 'PO-IND-2295', '2026-03-29 13:00:11'),
(296, 97, 2, 3, 66, 'TRANSFER', 12, 'Internal inventory balance transfer', 'INV-GST-1296', 'PO-IND-2296', '2026-03-29 13:00:11'),
(297, 98, NULL, 3, 67, 'IN', 13, 'Procured from primary vendor', 'INV-GST-1297', 'PO-IND-2297', '2026-03-29 13:00:11'),
(298, 99, 4, NULL, 68, 'OUT', 14, 'Direct sale fulfillment dispatch', 'INV-GST-1298', 'PO-IND-2298', '2026-03-28 13:00:11'),
(299, 100, 5, 1, 69, 'TRANSFER', 15, 'Internal inventory balance transfer', 'INV-GST-1299', 'PO-IND-2299', '2026-03-28 13:00:11'),
(300, 1, NULL, 1, 70, 'IN', 1, 'Procured from primary vendor', 'INV-GST-1300', 'PO-IND-2300', '2026-03-27 13:00:11'),
(301, 2, 2, NULL, 71, 'OUT', 2, 'Direct sale fulfillment dispatch', 'INV-GST-1301', 'PO-IND-2301', '2026-03-27 13:00:11'),
(302, 3, 3, 4, 72, 'TRANSFER', 3, 'Internal inventory balance transfer', 'INV-GST-1302', 'PO-IND-2302', '2026-03-27 13:00:11'),
(303, 4, NULL, 4, 73, 'IN', 4, 'Procured from primary vendor', 'INV-GST-1303', 'PO-IND-2303', '2026-03-26 13:00:11'),
(304, 5, 5, NULL, 74, 'OUT', 5, 'Direct sale fulfillment dispatch', 'INV-GST-1304', 'PO-IND-2304', '2026-03-26 13:00:11'),
(305, 6, 1, 2, 75, 'TRANSFER', 6, 'Internal inventory balance transfer', 'INV-GST-1305', 'PO-IND-2305', '2026-03-26 13:00:11'),
(306, 7, NULL, 2, 76, 'IN', 7, 'Procured from primary vendor', 'INV-GST-1306', 'PO-IND-2306', '2026-03-25 13:00:11'),
(307, 8, 3, NULL, 77, 'OUT', 8, 'Direct sale fulfillment dispatch', 'INV-GST-1307', 'PO-IND-2307', '2026-03-25 13:00:11'),
(308, 9, 4, 5, 78, 'TRANSFER', 9, 'Internal inventory balance transfer', 'INV-GST-1308', 'PO-IND-2308', '2026-03-25 13:00:11'),
(309, 10, NULL, 5, 79, 'IN', 10, 'Procured from primary vendor', 'INV-GST-1309', 'PO-IND-2309', '2026-03-24 13:00:11'),
(310, 11, 1, NULL, 80, 'OUT', 11, 'Direct sale fulfillment dispatch', 'INV-GST-1310', 'PO-IND-2310', '2026-03-24 13:00:11'),
(311, 12, 2, 3, 81, 'TRANSFER', 12, 'Internal inventory balance transfer', 'INV-GST-1311', 'PO-IND-2311', '2026-03-24 13:00:11'),
(312, 13, NULL, 3, 82, 'IN', 13, 'Procured from primary vendor', 'INV-GST-1312', 'PO-IND-2312', '2026-03-23 13:00:11'),
(313, 14, 4, NULL, 83, 'OUT', 14, 'Direct sale fulfillment dispatch', 'INV-GST-1313', 'PO-IND-2313', '2026-03-23 13:00:11'),
(314, 15, 5, 1, 84, 'TRANSFER', 15, 'Internal inventory balance transfer', 'INV-GST-1314', 'PO-IND-2314', '2026-03-23 13:00:11'),
(315, 16, NULL, 1, 85, 'IN', 1, 'Procured from primary vendor', 'INV-GST-1315', 'PO-IND-2315', '2026-03-22 13:00:11'),
(316, 17, 2, NULL, 86, 'OUT', 2, 'Direct sale fulfillment dispatch', 'INV-GST-1316', 'PO-IND-2316', '2026-03-22 13:00:11'),
(317, 18, 3, 4, 87, 'TRANSFER', 3, 'Internal inventory balance transfer', 'INV-GST-1317', 'PO-IND-2317', '2026-03-22 13:00:11'),
(318, 19, NULL, 4, 88, 'IN', 4, 'Procured from primary vendor', 'INV-GST-1318', 'PO-IND-2318', '2026-03-21 13:00:11'),
(319, 20, 5, NULL, 89, 'OUT', 5, 'Direct sale fulfillment dispatch', 'INV-GST-1319', 'PO-IND-2319', '2026-03-21 13:00:11'),
(320, 21, 1, 2, 10, 'TRANSFER', 6, 'Internal inventory balance transfer', 'INV-GST-1320', 'PO-IND-2320', '2026-03-20 13:00:11'),
(321, 22, NULL, 2, 11, 'IN', 7, 'Procured from primary vendor', 'INV-GST-1321', 'PO-IND-2321', '2026-03-20 13:00:11'),
(322, 23, 3, NULL, 12, 'OUT', 8, 'Direct sale fulfillment dispatch', 'INV-GST-1322', 'PO-IND-2322', '2026-03-20 13:00:11'),
(323, 24, 4, 5, 13, 'TRANSFER', 9, 'Internal inventory balance transfer', 'INV-GST-1323', 'PO-IND-2323', '2026-03-19 13:00:11'),
(324, 25, NULL, 5, 14, 'IN', 10, 'Procured from primary vendor', 'INV-GST-1324', 'PO-IND-2324', '2026-03-19 13:00:11'),
(325, 26, 1, NULL, 15, 'OUT', 11, 'Direct sale fulfillment dispatch', 'INV-GST-1325', 'PO-IND-2325', '2026-03-19 13:00:11'),
(326, 27, 2, 3, 16, 'TRANSFER', 12, 'Internal inventory balance transfer', 'INV-GST-1326', 'PO-IND-2326', '2026-03-18 13:00:11'),
(327, 28, NULL, 3, 17, 'IN', 13, 'Procured from primary vendor', 'INV-GST-1327', 'PO-IND-2327', '2026-03-18 13:00:11'),
(328, 29, 4, NULL, 18, 'OUT', 14, 'Direct sale fulfillment dispatch', 'INV-GST-1328', 'PO-IND-2328', '2026-03-18 13:00:11'),
(329, 30, 5, 1, 19, 'TRANSFER', 15, 'Internal inventory balance transfer', 'INV-GST-1329', 'PO-IND-2329', '2026-03-17 13:00:11'),
(330, 31, NULL, 1, 20, 'IN', 1, 'Procured from primary vendor', 'INV-GST-1330', 'PO-IND-2330', '2026-03-17 13:00:11'),
(331, 32, 2, NULL, 21, 'OUT', 2, 'Direct sale fulfillment dispatch', 'INV-GST-1331', 'PO-IND-2331', '2026-03-17 13:00:11'),
(332, 33, 3, 4, 22, 'TRANSFER', 3, 'Internal inventory balance transfer', 'INV-GST-1332', 'PO-IND-2332', '2026-03-16 13:00:11'),
(333, 34, NULL, 4, 23, 'IN', 4, 'Procured from primary vendor', 'INV-GST-1333', 'PO-IND-2333', '2026-03-16 13:00:11'),
(334, 35, 5, NULL, 24, 'OUT', 5, 'Direct sale fulfillment dispatch', 'INV-GST-1334', 'PO-IND-2334', '2026-03-16 13:00:11'),
(335, 36, 1, 2, 25, 'TRANSFER', 6, 'Internal inventory balance transfer', 'INV-GST-1335', 'PO-IND-2335', '2026-03-15 13:00:11'),
(336, 37, NULL, 2, 26, 'IN', 7, 'Procured from primary vendor', 'INV-GST-1336', 'PO-IND-2336', '2026-03-15 13:00:11'),
(337, 38, 3, NULL, 27, 'OUT', 8, 'Direct sale fulfillment dispatch', 'INV-GST-1337', 'PO-IND-2337', '2026-03-15 13:00:11'),
(338, 39, 4, 5, 28, 'TRANSFER', 9, 'Internal inventory balance transfer', 'INV-GST-1338', 'PO-IND-2338', '2026-03-14 13:00:11'),
(339, 40, NULL, 5, 29, 'IN', 10, 'Procured from primary vendor', 'INV-GST-1339', 'PO-IND-2339', '2026-03-14 13:00:11'),
(340, 41, 1, NULL, 30, 'OUT', 11, 'Direct sale fulfillment dispatch', 'INV-GST-1340', 'PO-IND-2340', '2026-03-14 13:00:11'),
(341, 42, 2, 3, 31, 'TRANSFER', 12, 'Internal inventory balance transfer', 'INV-GST-1341', 'PO-IND-2341', '2026-03-13 13:00:11'),
(342, 43, NULL, 3, 32, 'IN', 13, 'Procured from primary vendor', 'INV-GST-1342', 'PO-IND-2342', '2026-03-13 13:00:11'),
(343, 44, 4, NULL, 33, 'OUT', 14, 'Direct sale fulfillment dispatch', 'INV-GST-1343', 'PO-IND-2343', '2026-03-12 13:00:11'),
(344, 45, 5, 1, 34, 'TRANSFER', 15, 'Internal inventory balance transfer', 'INV-GST-1344', 'PO-IND-2344', '2026-03-12 13:00:11'),
(345, 46, NULL, 1, 35, 'IN', 1, 'Procured from primary vendor', 'INV-GST-1345', 'PO-IND-2345', '2026-03-12 13:00:11'),
(346, 47, 2, NULL, 36, 'OUT', 2, 'Direct sale fulfillment dispatch', 'INV-GST-1346', 'PO-IND-2346', '2026-03-11 13:00:11'),
(347, 48, 3, 4, 37, 'TRANSFER', 3, 'Internal inventory balance transfer', 'INV-GST-1347', 'PO-IND-2347', '2026-03-11 13:00:11'),
(348, 49, NULL, 4, 38, 'IN', 4, 'Procured from primary vendor', 'INV-GST-1348', 'PO-IND-2348', '2026-03-11 13:00:11'),
(349, 50, 5, NULL, 39, 'OUT', 5, 'Direct sale fulfillment dispatch', 'INV-GST-1349', 'PO-IND-2349', '2026-03-10 13:00:11'),
(350, 51, 1, 2, 40, 'TRANSFER', 6, 'Internal inventory balance transfer', 'INV-GST-1350', 'PO-IND-2350', '2026-03-10 13:00:11'),
(351, 52, NULL, 2, 41, 'IN', 7, 'Procured from primary vendor', 'INV-GST-1351', 'PO-IND-2351', '2026-03-10 13:00:11'),
(352, 53, 3, NULL, 42, 'OUT', 8, 'Direct sale fulfillment dispatch', 'INV-GST-1352', 'PO-IND-2352', '2026-03-09 13:00:11'),
(353, 54, 4, 5, 43, 'TRANSFER', 9, 'Internal inventory balance transfer', 'INV-GST-1353', 'PO-IND-2353', '2026-03-09 13:00:11'),
(354, 55, NULL, 5, 44, 'IN', 10, 'Procured from primary vendor', 'INV-GST-1354', 'PO-IND-2354', '2026-03-09 13:00:11'),
(355, 56, 1, NULL, 45, 'OUT', 11, 'Direct sale fulfillment dispatch', 'INV-GST-1355', 'PO-IND-2355', '2026-03-08 13:00:11'),
(356, 57, 2, 3, 46, 'TRANSFER', 12, 'Internal inventory balance transfer', 'INV-GST-1356', 'PO-IND-2356', '2026-03-08 13:00:11'),
(357, 58, NULL, 3, 47, 'IN', 13, 'Procured from primary vendor', 'INV-GST-1357', 'PO-IND-2357', '2026-03-08 13:00:11'),
(358, 59, 4, NULL, 48, 'OUT', 14, 'Direct sale fulfillment dispatch', 'INV-GST-1358', 'PO-IND-2358', '2026-03-07 13:00:11'),
(359, 60, 5, 1, 49, 'TRANSFER', 15, 'Internal inventory balance transfer', 'INV-GST-1359', 'PO-IND-2359', '2026-03-07 13:00:11'),
(360, 61, NULL, 1, 50, 'IN', 1, 'Procured from primary vendor', 'INV-GST-1360', 'PO-IND-2360', '2026-03-07 13:00:11'),
(361, 62, 2, NULL, 51, 'OUT', 2, 'Direct sale fulfillment dispatch', 'INV-GST-1361', 'PO-IND-2361', '2026-03-06 13:00:11'),
(362, 63, 3, 4, 52, 'TRANSFER', 3, 'Internal inventory balance transfer', 'INV-GST-1362', 'PO-IND-2362', '2026-03-06 13:00:11'),
(363, 64, NULL, 4, 53, 'IN', 4, 'Procured from primary vendor', 'INV-GST-1363', 'PO-IND-2363', '2026-03-05 13:00:11'),
(364, 65, 5, NULL, 54, 'OUT', 5, 'Direct sale fulfillment dispatch', 'INV-GST-1364', 'PO-IND-2364', '2026-03-05 13:00:11'),
(365, 66, 1, 2, 55, 'TRANSFER', 6, 'Internal inventory balance transfer', 'INV-GST-1365', 'PO-IND-2365', '2026-03-05 13:00:11'),
(366, 67, NULL, 2, 56, 'IN', 7, 'Procured from primary vendor', 'INV-GST-1366', 'PO-IND-2366', '2026-03-04 13:00:11'),
(367, 68, 3, NULL, 57, 'OUT', 8, 'Direct sale fulfillment dispatch', 'INV-GST-1367', 'PO-IND-2367', '2026-03-04 13:00:11'),
(368, 69, 4, 5, 58, 'TRANSFER', 9, 'Internal inventory balance transfer', 'INV-GST-1368', 'PO-IND-2368', '2026-03-04 13:00:11'),
(369, 70, NULL, 5, 59, 'IN', 10, 'Procured from primary vendor', 'INV-GST-1369', 'PO-IND-2369', '2026-03-03 13:00:11'),
(370, 71, 1, NULL, 60, 'OUT', 11, 'Direct sale fulfillment dispatch', 'INV-GST-1370', 'PO-IND-2370', '2026-03-03 13:00:11'),
(371, 72, 2, 3, 61, 'TRANSFER', 12, 'Internal inventory balance transfer', 'INV-GST-1371', 'PO-IND-2371', '2026-03-03 13:00:11'),
(372, 73, NULL, 3, 62, 'IN', 13, 'Procured from primary vendor', 'INV-GST-1372', 'PO-IND-2372', '2026-03-02 13:00:11'),
(373, 74, 4, NULL, 63, 'OUT', 14, 'Direct sale fulfillment dispatch', 'INV-GST-1373', 'PO-IND-2373', '2026-03-02 13:00:11'),
(374, 75, 5, 1, 64, 'TRANSFER', 15, 'Internal inventory balance transfer', 'INV-GST-1374', 'PO-IND-2374', '2026-03-02 13:00:11'),
(375, 76, NULL, 1, 65, 'IN', 1, 'Procured from primary vendor', 'INV-GST-1375', 'PO-IND-2375', '2026-03-01 13:00:11'),
(376, 77, 2, NULL, 66, 'OUT', 2, 'Direct sale fulfillment dispatch', 'INV-GST-1376', 'PO-IND-2376', '2026-03-01 13:00:11'),
(377, 78, 3, 4, 67, 'TRANSFER', 3, 'Internal inventory balance transfer', 'INV-GST-1377', 'PO-IND-2377', '2026-03-01 13:00:11'),
(378, 79, NULL, 4, 68, 'IN', 4, 'Procured from primary vendor', 'INV-GST-1378', 'PO-IND-2378', '2026-02-28 13:00:11'),
(379, 80, 5, NULL, 69, 'OUT', 5, 'Direct sale fulfillment dispatch', 'INV-GST-1379', 'PO-IND-2379', '2026-02-28 13:00:11'),
(380, 81, 1, 2, 70, 'TRANSFER', 6, 'Internal inventory balance transfer', 'INV-GST-1380', 'PO-IND-2380', '2026-02-27 13:00:11'),
(381, 82, NULL, 2, 71, 'IN', 7, 'Procured from primary vendor', 'INV-GST-1381', 'PO-IND-2381', '2026-02-27 13:00:11'),
(382, 83, 3, NULL, 72, 'OUT', 8, 'Direct sale fulfillment dispatch', 'INV-GST-1382', 'PO-IND-2382', '2026-02-27 13:00:11'),
(383, 84, 4, 5, 73, 'TRANSFER', 9, 'Internal inventory balance transfer', 'INV-GST-1383', 'PO-IND-2383', '2026-02-26 13:00:11'),
(384, 85, NULL, 5, 74, 'IN', 10, 'Procured from primary vendor', 'INV-GST-1384', 'PO-IND-2384', '2026-02-26 13:00:11'),
(385, 86, 1, NULL, 75, 'OUT', 11, 'Direct sale fulfillment dispatch', 'INV-GST-1385', 'PO-IND-2385', '2026-02-26 13:00:11'),
(386, 87, 2, 3, 76, 'TRANSFER', 12, 'Internal inventory balance transfer', 'INV-GST-1386', 'PO-IND-2386', '2026-02-25 13:00:11'),
(387, 88, NULL, 3, 77, 'IN', 13, 'Procured from primary vendor', 'INV-GST-1387', 'PO-IND-2387', '2026-02-25 13:00:11'),
(388, 89, 4, NULL, 78, 'OUT', 14, 'Direct sale fulfillment dispatch', 'INV-GST-1388', 'PO-IND-2388', '2026-02-25 13:00:11'),
(389, 90, 5, 1, 79, 'TRANSFER', 15, 'Internal inventory balance transfer', 'INV-GST-1389', 'PO-IND-2389', '2026-02-24 13:00:11'),
(390, 91, NULL, 1, 80, 'IN', 1, 'Procured from primary vendor', 'INV-GST-1390', 'PO-IND-2390', '2026-02-24 13:00:11'),
(391, 92, 2, NULL, 81, 'OUT', 2, 'Direct sale fulfillment dispatch', 'INV-GST-1391', 'PO-IND-2391', '2026-02-24 13:00:11'),
(392, 93, 3, 4, 82, 'TRANSFER', 3, 'Internal inventory balance transfer', 'INV-GST-1392', 'PO-IND-2392', '2026-02-23 13:00:11'),
(393, 94, NULL, 4, 83, 'IN', 4, 'Procured from primary vendor', 'INV-GST-1393', 'PO-IND-2393', '2026-02-23 13:00:11'),
(394, 95, 5, NULL, 84, 'OUT', 5, 'Direct sale fulfillment dispatch', 'INV-GST-1394', 'PO-IND-2394', '2026-02-23 13:00:11'),
(395, 96, 1, 2, 85, 'TRANSFER', 6, 'Internal inventory balance transfer', 'INV-GST-1395', 'PO-IND-2395', '2026-02-22 13:00:11'),
(396, 97, NULL, 2, 86, 'IN', 7, 'Procured from primary vendor', 'INV-GST-1396', 'PO-IND-2396', '2026-02-22 13:00:11'),
(397, 98, 3, NULL, 87, 'OUT', 8, 'Direct sale fulfillment dispatch', 'INV-GST-1397', 'PO-IND-2397', '2026-02-22 13:00:11'),
(398, 99, 4, 5, 88, 'TRANSFER', 9, 'Internal inventory balance transfer', 'INV-GST-1398', 'PO-IND-2398', '2026-02-21 13:00:11'),
(399, 100, NULL, 5, 89, 'IN', 10, 'Procured from primary vendor', 'INV-GST-1399', 'PO-IND-2399', '2026-02-21 13:00:11'),
(400, 1, 1, NULL, 10, 'OUT', 11, 'Direct sale fulfillment dispatch', 'INV-GST-1400', 'PO-IND-2400', '2026-02-20 13:00:11'),
(401, 2, 2, 3, 11, 'TRANSFER', 12, 'Internal inventory balance transfer', 'INV-GST-1401', 'PO-IND-2401', '2026-02-20 13:00:11'),
(402, 3, NULL, 3, 12, 'IN', 13, 'Procured from primary vendor', 'INV-GST-1402', 'PO-IND-2402', '2026-02-20 13:00:11'),
(403, 4, 4, NULL, 13, 'OUT', 14, 'Direct sale fulfillment dispatch', 'INV-GST-1403', 'PO-IND-2403', '2026-02-19 13:00:11'),
(404, 5, 5, 1, 14, 'TRANSFER', 15, 'Internal inventory balance transfer', 'INV-GST-1404', 'PO-IND-2404', '2026-02-19 13:00:11'),
(405, 6, NULL, 1, 15, 'IN', 1, 'Procured from primary vendor', 'INV-GST-1405', 'PO-IND-2405', '2026-02-19 13:00:11'),
(406, 7, 2, NULL, 16, 'OUT', 2, 'Direct sale fulfillment dispatch', 'INV-GST-1406', 'PO-IND-2406', '2026-02-18 13:00:11'),
(407, 8, 3, 4, 17, 'TRANSFER', 3, 'Internal inventory balance transfer', 'INV-GST-1407', 'PO-IND-2407', '2026-02-18 13:00:11'),
(408, 9, NULL, 4, 18, 'IN', 4, 'Procured from primary vendor', 'INV-GST-1408', 'PO-IND-2408', '2026-02-18 13:00:11'),
(409, 10, 5, NULL, 19, 'OUT', 5, 'Direct sale fulfillment dispatch', 'INV-GST-1409', 'PO-IND-2409', '2026-02-17 13:00:11'),
(410, 11, 1, 2, 20, 'TRANSFER', 6, 'Internal inventory balance transfer', 'INV-GST-1410', 'PO-IND-2410', '2026-02-17 13:00:11'),
(411, 12, NULL, 2, 21, 'IN', 7, 'Procured from primary vendor', 'INV-GST-1411', 'PO-IND-2411', '2026-02-17 13:00:11'),
(412, 13, 3, NULL, 22, 'OUT', 8, 'Direct sale fulfillment dispatch', 'INV-GST-1412', 'PO-IND-2412', '2026-02-16 13:00:11'),
(413, 14, 4, 5, 23, 'TRANSFER', 9, 'Internal inventory balance transfer', 'INV-GST-1413', 'PO-IND-2413', '2026-02-16 13:00:11'),
(414, 15, NULL, 5, 24, 'IN', 10, 'Procured from primary vendor', 'INV-GST-1414', 'PO-IND-2414', '2026-02-16 13:00:11'),
(415, 16, 1, NULL, 25, 'OUT', 11, 'Direct sale fulfillment dispatch', 'INV-GST-1415', 'PO-IND-2415', '2026-02-15 13:00:11'),
(416, 17, 2, 3, 26, 'TRANSFER', 12, 'Internal inventory balance transfer', 'INV-GST-1416', 'PO-IND-2416', '2026-02-15 13:00:11'),
(417, 18, NULL, 3, 27, 'IN', 13, 'Procured from primary vendor', 'INV-GST-1417', 'PO-IND-2417', '2026-02-15 13:00:11'),
(418, 19, 4, NULL, 28, 'OUT', 14, 'Direct sale fulfillment dispatch', 'INV-GST-1418', 'PO-IND-2418', '2026-02-14 13:00:11'),
(419, 20, 5, 1, 29, 'TRANSFER', 15, 'Internal inventory balance transfer', 'INV-GST-1419', 'PO-IND-2419', '2026-02-14 13:00:11'),
(420, 21, NULL, 1, 30, 'IN', 1, 'Procured from primary vendor', 'INV-GST-1420', 'PO-IND-2420', '2026-02-13 13:00:11'),
(421, 22, 2, NULL, 31, 'OUT', 2, 'Direct sale fulfillment dispatch', 'INV-GST-1421', 'PO-IND-2421', '2026-02-13 13:00:11'),
(422, 23, 3, 4, 32, 'TRANSFER', 3, 'Internal inventory balance transfer', 'INV-GST-1422', 'PO-IND-2422', '2026-02-13 13:00:11'),
(423, 24, NULL, 4, 33, 'IN', 4, 'Procured from primary vendor', 'INV-GST-1423', 'PO-IND-2423', '2026-02-12 13:00:11'),
(424, 25, 5, NULL, 34, 'OUT', 5, 'Direct sale fulfillment dispatch', 'INV-GST-1424', 'PO-IND-2424', '2026-02-12 13:00:11'),
(425, 26, 1, 2, 35, 'TRANSFER', 6, 'Internal inventory balance transfer', 'INV-GST-1425', 'PO-IND-2425', '2026-02-12 13:00:11'),
(426, 27, NULL, 2, 36, 'IN', 7, 'Procured from primary vendor', 'INV-GST-1426', 'PO-IND-2426', '2026-02-11 13:00:11'),
(427, 28, 3, NULL, 37, 'OUT', 8, 'Direct sale fulfillment dispatch', 'INV-GST-1427', 'PO-IND-2427', '2026-02-11 13:00:11'),
(428, 29, 4, 5, 38, 'TRANSFER', 9, 'Internal inventory balance transfer', 'INV-GST-1428', 'PO-IND-2428', '2026-02-11 13:00:11'),
(429, 30, NULL, 5, 39, 'IN', 10, 'Procured from primary vendor', 'INV-GST-1429', 'PO-IND-2429', '2026-02-10 13:00:11'),
(430, 31, 1, NULL, 40, 'OUT', 11, 'Direct sale fulfillment dispatch', 'INV-GST-1430', 'PO-IND-2430', '2026-02-10 13:00:11'),
(431, 32, 2, 3, 41, 'TRANSFER', 12, 'Internal inventory balance transfer', 'INV-GST-1431', 'PO-IND-2431', '2026-02-10 13:00:11'),
(432, 33, NULL, 3, 42, 'IN', 13, 'Procured from primary vendor', 'INV-GST-1432', 'PO-IND-2432', '2026-02-09 13:00:11'),
(433, 34, 4, NULL, 43, 'OUT', 14, 'Direct sale fulfillment dispatch', 'INV-GST-1433', 'PO-IND-2433', '2026-02-09 13:00:11'),
(434, 35, 5, 1, 44, 'TRANSFER', 15, 'Internal inventory balance transfer', 'INV-GST-1434', 'PO-IND-2434', '2026-02-09 13:00:11'),
(435, 36, NULL, 1, 45, 'IN', 1, 'Procured from primary vendor', 'INV-GST-1435', 'PO-IND-2435', '2026-02-08 13:00:11'),
(436, 37, 2, NULL, 46, 'OUT', 2, 'Direct sale fulfillment dispatch', 'INV-GST-1436', 'PO-IND-2436', '2026-02-08 13:00:11'),
(437, 38, 3, 4, 47, 'TRANSFER', 3, 'Internal inventory balance transfer', 'INV-GST-1437', 'PO-IND-2437', '2026-02-08 13:00:11'),
(438, 39, NULL, 4, 48, 'IN', 4, 'Procured from primary vendor', 'INV-GST-1438', 'PO-IND-2438', '2026-02-07 13:00:11'),
(439, 40, 5, NULL, 49, 'OUT', 5, 'Direct sale fulfillment dispatch', 'INV-GST-1439', 'PO-IND-2439', '2026-02-07 13:00:11'),
(440, 41, 1, 2, 50, 'TRANSFER', 6, 'Internal inventory balance transfer', 'INV-GST-1440', 'PO-IND-2440', '2026-02-06 13:00:11'),
(441, 42, NULL, 2, 51, 'IN', 7, 'Procured from primary vendor', 'INV-GST-1441', 'PO-IND-2441', '2026-02-06 13:00:11'),
(442, 43, 3, NULL, 52, 'OUT', 8, 'Direct sale fulfillment dispatch', 'INV-GST-1442', 'PO-IND-2442', '2026-02-06 13:00:11'),
(443, 44, 4, 5, 53, 'TRANSFER', 9, 'Internal inventory balance transfer', 'INV-GST-1443', 'PO-IND-2443', '2026-02-05 13:00:11'),
(444, 45, NULL, 5, 54, 'IN', 10, 'Procured from primary vendor', 'INV-GST-1444', 'PO-IND-2444', '2026-02-05 13:00:11'),
(445, 46, 1, NULL, 55, 'OUT', 11, 'Direct sale fulfillment dispatch', 'INV-GST-1445', 'PO-IND-2445', '2026-02-05 13:00:11'),
(446, 47, 2, 3, 56, 'TRANSFER', 12, 'Internal inventory balance transfer', 'INV-GST-1446', 'PO-IND-2446', '2026-02-04 13:00:11'),
(447, 48, NULL, 3, 57, 'IN', 13, 'Procured from primary vendor', 'INV-GST-1447', 'PO-IND-2447', '2026-02-04 13:00:11'),
(448, 49, 4, NULL, 58, 'OUT', 14, 'Direct sale fulfillment dispatch', 'INV-GST-1448', 'PO-IND-2448', '2026-02-04 13:00:11'),
(449, 50, 5, 1, 59, 'TRANSFER', 15, 'Internal inventory balance transfer', 'INV-GST-1449', 'PO-IND-2449', '2026-02-03 13:00:11'),
(450, 51, NULL, 1, 60, 'IN', 1, 'Procured from primary vendor', 'INV-GST-1450', 'PO-IND-2450', '2026-02-03 13:00:11'),
(451, 52, 2, NULL, 61, 'OUT', 2, 'Direct sale fulfillment dispatch', 'INV-GST-1451', 'PO-IND-2451', '2026-02-03 13:00:11'),
(452, 53, 3, 4, 62, 'TRANSFER', 3, 'Internal inventory balance transfer', 'INV-GST-1452', 'PO-IND-2452', '2026-02-02 13:00:11'),
(453, 54, NULL, 4, 63, 'IN', 4, 'Procured from primary vendor', 'INV-GST-1453', 'PO-IND-2453', '2026-02-02 13:00:11'),
(454, 55, 5, NULL, 64, 'OUT', 5, 'Direct sale fulfillment dispatch', 'INV-GST-1454', 'PO-IND-2454', '2026-02-02 13:00:11'),
(455, 56, 1, 2, 65, 'TRANSFER', 6, 'Internal inventory balance transfer', 'INV-GST-1455', 'PO-IND-2455', '2026-02-01 13:00:11'),
(456, 57, NULL, 2, 66, 'IN', 7, 'Procured from primary vendor', 'INV-GST-1456', 'PO-IND-2456', '2026-02-01 13:00:11'),
(457, 58, 3, NULL, 67, 'OUT', 8, 'Direct sale fulfillment dispatch', 'INV-GST-1457', 'PO-IND-2457', '2026-02-01 13:00:11'),
(458, 59, 4, 5, 68, 'TRANSFER', 9, 'Internal inventory balance transfer', 'INV-GST-1458', 'PO-IND-2458', '2026-01-31 13:00:11'),
(459, 60, NULL, 5, 69, 'IN', 10, 'Procured from primary vendor', 'INV-GST-1459', 'PO-IND-2459', '2026-01-31 13:00:11'),
(460, 61, 1, NULL, 70, 'OUT', 11, 'Direct sale fulfillment dispatch', 'INV-GST-1460', 'PO-IND-2460', '2026-01-30 13:00:11'),
(461, 62, 2, 3, 71, 'TRANSFER', 12, 'Internal inventory balance transfer', 'INV-GST-1461', 'PO-IND-2461', '2026-01-30 13:00:11'),
(462, 63, NULL, 3, 72, 'IN', 13, 'Procured from primary vendor', 'INV-GST-1462', 'PO-IND-2462', '2026-01-30 13:00:11'),
(463, 64, 4, NULL, 73, 'OUT', 14, 'Direct sale fulfillment dispatch', 'INV-GST-1463', 'PO-IND-2463', '2026-01-29 13:00:11'),
(464, 65, 5, 1, 74, 'TRANSFER', 15, 'Internal inventory balance transfer', 'INV-GST-1464', 'PO-IND-2464', '2026-01-29 13:00:11'),
(465, 66, NULL, 1, 75, 'IN', 1, 'Procured from primary vendor', 'INV-GST-1465', 'PO-IND-2465', '2026-01-29 13:00:11'),
(466, 67, 2, NULL, 76, 'OUT', 2, 'Direct sale fulfillment dispatch', 'INV-GST-1466', 'PO-IND-2466', '2026-01-28 13:00:11'),
(467, 68, 3, 4, 77, 'TRANSFER', 3, 'Internal inventory balance transfer', 'INV-GST-1467', 'PO-IND-2467', '2026-01-28 13:00:11'),
(468, 69, NULL, 4, 78, 'IN', 4, 'Procured from primary vendor', 'INV-GST-1468', 'PO-IND-2468', '2026-01-28 13:00:11'),
(469, 70, 5, NULL, 79, 'OUT', 5, 'Direct sale fulfillment dispatch', 'INV-GST-1469', 'PO-IND-2469', '2026-01-27 13:00:11'),
(470, 71, 1, 2, 80, 'TRANSFER', 6, 'Internal inventory balance transfer', 'INV-GST-1470', 'PO-IND-2470', '2026-01-27 13:00:11'),
(471, 72, NULL, 2, 81, 'IN', 7, 'Procured from primary vendor', 'INV-GST-1471', 'PO-IND-2471', '2026-01-27 13:00:11'),
(472, 73, 3, NULL, 82, 'OUT', 8, 'Direct sale fulfillment dispatch', 'INV-GST-1472', 'PO-IND-2472', '2026-01-26 13:00:11'),
(473, 74, 4, 5, 83, 'TRANSFER', 9, 'Internal inventory balance transfer', 'INV-GST-1473', 'PO-IND-2473', '2026-01-26 13:00:11'),
(474, 75, NULL, 5, 84, 'IN', 10, 'Procured from primary vendor', 'INV-GST-1474', 'PO-IND-2474', '2026-01-26 13:00:11'),
(475, 76, 1, NULL, 85, 'OUT', 11, 'Direct sale fulfillment dispatch', 'INV-GST-1475', 'PO-IND-2475', '2026-01-25 13:00:11'),
(476, 77, 2, 3, 86, 'TRANSFER', 12, 'Internal inventory balance transfer', 'INV-GST-1476', 'PO-IND-2476', '2026-01-25 13:00:11'),
(477, 78, NULL, 3, 87, 'IN', 13, 'Procured from primary vendor', 'INV-GST-1477', 'PO-IND-2477', '2026-01-25 13:00:11'),
(478, 79, 4, NULL, 88, 'OUT', 14, 'Direct sale fulfillment dispatch', 'INV-GST-1478', 'PO-IND-2478', '2026-01-24 13:00:11'),
(479, 80, 5, 1, 89, 'TRANSFER', 15, 'Internal inventory balance transfer', 'INV-GST-1479', 'PO-IND-2479', '2026-01-24 13:00:11'),
(480, 81, NULL, 1, 10, 'IN', 1, 'Procured from primary vendor', 'INV-GST-1480', 'PO-IND-2480', '2026-01-23 13:00:11'),
(481, 82, 2, NULL, 11, 'OUT', 2, 'Direct sale fulfillment dispatch', 'INV-GST-1481', 'PO-IND-2481', '2026-01-23 13:00:11'),
(482, 83, 3, 4, 12, 'TRANSFER', 3, 'Internal inventory balance transfer', 'INV-GST-1482', 'PO-IND-2482', '2026-01-23 13:00:11'),
(483, 84, NULL, 4, 13, 'IN', 4, 'Procured from primary vendor', 'INV-GST-1483', 'PO-IND-2483', '2026-01-22 13:00:11'),
(484, 85, 5, NULL, 14, 'OUT', 5, 'Direct sale fulfillment dispatch', 'INV-GST-1484', 'PO-IND-2484', '2026-01-22 13:00:11'),
(485, 86, 1, 2, 15, 'TRANSFER', 6, 'Internal inventory balance transfer', 'INV-GST-1485', 'PO-IND-2485', '2026-01-22 13:00:11'),
(486, 87, NULL, 2, 16, 'IN', 7, 'Procured from primary vendor', 'INV-GST-1486', 'PO-IND-2486', '2026-01-21 13:00:11'),
(487, 88, 3, NULL, 17, 'OUT', 8, 'Direct sale fulfillment dispatch', 'INV-GST-1487', 'PO-IND-2487', '2026-01-21 13:00:11'),
(488, 89, 4, 5, 18, 'TRANSFER', 9, 'Internal inventory balance transfer', 'INV-GST-1488', 'PO-IND-2488', '2026-01-21 13:00:11'),
(489, 90, NULL, 5, 19, 'IN', 10, 'Procured from primary vendor', 'INV-GST-1489', 'PO-IND-2489', '2026-01-20 13:00:11'),
(490, 91, 1, NULL, 20, 'OUT', 11, 'Direct sale fulfillment dispatch', 'INV-GST-1490', 'PO-IND-2490', '2026-01-20 13:00:11'),
(491, 92, 2, 3, 21, 'TRANSFER', 12, 'Internal inventory balance transfer', 'INV-GST-1491', 'PO-IND-2491', '2026-01-20 13:00:11'),
(492, 93, NULL, 3, 22, 'IN', 13, 'Procured from primary vendor', 'INV-GST-1492', 'PO-IND-2492', '2026-01-19 13:00:11'),
(493, 94, 4, NULL, 23, 'OUT', 14, 'Direct sale fulfillment dispatch', 'INV-GST-1493', 'PO-IND-2493', '2026-01-19 13:00:11'),
(494, 95, 5, 1, 24, 'TRANSFER', 15, 'Internal inventory balance transfer', 'INV-GST-1494', 'PO-IND-2494', '2026-01-19 13:00:11'),
(495, 96, NULL, 1, 25, 'IN', 1, 'Procured from primary vendor', 'INV-GST-1495', 'PO-IND-2495', '2026-01-18 13:00:11'),
(496, 97, 2, NULL, 26, 'OUT', 2, 'Direct sale fulfillment dispatch', 'INV-GST-1496', 'PO-IND-2496', '2026-01-18 13:00:11'),
(497, 98, 3, 4, 27, 'TRANSFER', 3, 'Internal inventory balance transfer', 'INV-GST-1497', 'PO-IND-2497', '2026-01-18 13:00:11'),
(498, 99, NULL, 4, 28, 'IN', 4, 'Procured from primary vendor', 'INV-GST-1498', 'PO-IND-2498', '2026-01-17 13:00:11'),
(499, 100, 5, NULL, 29, 'OUT', 5, 'Direct sale fulfillment dispatch', 'INV-GST-1499', 'PO-IND-2499', '2026-01-17 13:00:11'),
(500, 1, 1, 2, 30, 'TRANSFER', 6, 'Internal inventory balance transfer', 'INV-GST-1500', 'PO-IND-2500', '2026-01-16 13:00:11')
ON DUPLICATE KEY UPDATE quantity=VALUES(quantity);
